pk_trainers_teams_id,fk_games_id,fk_locations_id,fk_rival_scenarios_id,fk_trainers_id,fk_pokemon_id,fk_move1_id,fk_move2_id,fk_move3_id,fk_move4_id,party_order,level
1,2,1,3,229,4,112,53,,,1,5
2,2,1,2,228,7,144,145,,,1,5
3,2,1,1,230,1,144,53,,,1,5
4,2,33,3,231,16,56,111,,,1,9
5,2,33,3,231,4,112,53,,,2,8
6,2,33,2,232,16,56,111,,,1,9
7,2,33,2,232,7,144,145,16,,2,8
8,2,33,1,233,16,56,111,,,1,9
9,2,33,1,233,1,144,53,73,,2,8
10,2,37,7,58,13,95,134,,,1,6
11,2,37,7,58,10,144,134,,,2,6
12,2,37,7,59,13,95,134,,,1,7
13,2,37,7,59,14,57,,,,2,7
14,2,37,7,59,13,95,134,,,3,7
15,2,37,7,60,13,95,134,,,1,9
16,2,3,7,177,50,112,,,,1,11
17,2,3,7,177,27,112,111,,,2,11
18,2,3,7,56,74,144,27,,,1,12
19,2,3,7,56,95,144,113,9,,2,14
20,2,14,7,196,16,56,111,,,1,9
21,2,14,7,196,16,56,111,,,2,9
22,2,14,7,61,10,144,134,,,1,10
23,2,14,7,61,13,95,134,,,2,10
24,2,14,7,61,10,144,134,,,3,10
25,2,14,7,345,19,144,145,100,,1,11
26,2,14,7,345,23,165,74,95,,2,11
27,2,14,7,62,13,95,134,,,1,9
28,2,14,7,62,14,57,,,,2,9
29,2,14,7,62,10,144,134,,,3,9
30,2,14,7,62,11,57,,,,4,9
31,2,14,7,346,21,90,53,74,,1,14
32,2,14,7,197,19,144,145,100,,1,10
33,2,14,7,197,32,74,144,61,,2,10
34,2,14,7,63,10,144,134,,,1,11
35,2,14,7,63,11,57,,,,2,11
36,2,14,7,198,39,117,96,29,,1,14
37,2,63,7,64,13,95,134,,,1,11
38,2,63,7,64,14,57,,,,2,11
39,2,63,7,199,35,96,53,117,,1,14
40,2,63,7,316,81,144,,,,1,11
41,2,63,7,316,100,144,113,,,2,11
42,2,63,7,65,10,144,134,,,1,10
43,2,63,7,65,11,57,,,,2,10
44,2,63,7,65,10,144,134,,,3,10
45,2,63,7,200,43,1,,,,1,11
46,2,63,7,200,69,158,54,,,2,11
47,2,63,7,347,19,144,145,100,,1,10
48,2,63,7,347,19,144,145,100,,2,10
49,2,63,7,347,41,72,140,,,3,10
50,2,63,7,140,74,144,,,,1,10
51,2,63,7,140,74,144,,,,2,10
52,2,63,7,140,95,144,113,,,3,10
53,2,65,7,254,27,112,111,,,1,11
54,2,65,7,254,19,144,145,100,,2,11
55,2,65,7,254,41,72,140,,,3,11
56,2,65,7,255,41,72,140,,,1,12
57,2,65,7,255,23,165,74,95,,2,12
58,2,65,7,256,20,144,145,100,65,1,16
59,2,65,7,257,19,144,145,100,,1,13
60,2,65,7,257,41,72,140,,,2,13
61,2,65,7,317,88,96,29,,,1,12
62,2,65,7,317,100,144,113,,,2,12
63,2,65,7,317,109,144,124,,,3,12
64,2,4,3,235,17,56,111,100,,1,18
65,2,4,3,235,63,147,,,,2,15
66,2,4,3,235,19,144,145,100,65,3,15
67,2,4,3,235,4,112,53,40,74,4,17
68,2,4,2,236,17,56,111,100,,1,18
69,2,4,2,236,63,147,,,,2,15
70,2,4,2,236,19,144,145,100,65,3,15
71,2,4,2,236,7,144,145,16,160,4,17
72,2,4,1,234,17,56,111,100,,1,18
73,2,4,1,234,63,147,,,,2,15
74,2,4,1,234,19,144,145,100,65,3,15
75,2,4,1,234,1,144,53,73,158,4,17
76,2,35,7,66,10,144,134,,,1,14
77,2,35,7,66,13,95,134,,,2,14
78,2,35,7,201,16,56,111,100,,1,14
79,2,35,7,201,29,53,144,112,95,2,14
80,2,35,7,348,19,144,145,100,65,1,14
81,2,35,7,348,23,165,74,95,,2,14
82,2,35,7,348,41,72,140,,,3,14
83,2,35,7,203,16,56,111,100,,1,16
84,2,35,7,203,29,53,144,112,95,2,16
85,2,35,7,178,56,112,74,70,,1,18
86,2,35,7,258,23,165,74,95,,1,15
87,2,35,7,258,41,72,140,11,,2,15
88,2,35,7,179,19,144,145,100,65,1,14
89,2,35,7,179,23,165,74,95,,2,14
90,2,36,7,141,66,70,,,,1,15
91,2,36,7,141,74,144,27,,,2,15
92,2,36,7,349,19,144,145,100,65,1,15
93,2,36,7,349,21,90,53,74,50,2,15
94,2,36,7,142,95,144,113,10,,1,17
95,2,36,7,350,79,21,,,,1,17
96,2,36,7,202,32,74,144,61,95,1,15
97,2,36,7,202,29,53,144,112,95,2,15
98,2,36,7,143,74,144,27,,,1,13
99,2,36,7,143,74,144,27,,,2,13
100,2,36,7,143,66,70,,,,3,13
101,2,36,7,143,74,144,27,,,4,13
102,2,36,7,180,19,144,145,100,65,1,14
103,2,36,7,180,23,165,74,95,,2,14
104,2,36,7,351,23,165,74,95,,1,14
105,2,36,7,351,27,112,111,,,2,14
106,2,36,7,204,43,1,,,,1,13
107,2,36,7,204,16,56,111,100,,2,13
108,2,36,7,204,43,1,,,,3,13
109,2,4,7,259,66,70,,,,1,17
110,2,4,7,259,96,96,66,29,21,2,17
111,2,4,7,325,116,16,,,,1,16
112,2,4,7,325,90,144,164,,,2,16
113,2,4,7,155,118,90,145,140,,1,19
114,2,4,7,216,120,144,160,,,1,18
115,2,4,7,216,121,144,160,17,,2,21
116,2,17,7,67,13,95,134,,,1,16
117,2,17,7,67,10,144,134,,,2,16
118,2,17,7,67,13,95,134,,,3,16
119,2,17,7,181,7,144,145,16,160,1,20
120,2,17,7,156,19,144,145,100,65,1,16
121,2,17,7,156,25,151,53,152,100,2,16
122,2,17,7,68,12,21,94,136,122,1,20
123,2,17,7,157,16,56,111,100,,1,16
124,2,17,7,157,16,56,111,100,,2,16
125,2,17,7,157,16,56,111,100,,3,16
126,2,17,7,182,21,90,53,74,50,1,16
127,2,17,7,182,20,144,145,100,65,2,16
128,2,88,7,205,16,56,111,100,,1,18
129,2,88,7,205,29,53,144,112,95,2,18
130,2,88,7,352,32,144,61,95,49,1,21
131,2,88,7,132,32,74,144,61,95,1,19
132,2,88,7,132,29,53,144,112,95,2,19
133,2,88,7,133,58,11,107,40,,1,18
134,2,88,7,133,58,11,107,40,,2,18
135,2,91,7,292,90,144,164,140,,1,21
136,2,91,7,293,116,16,,,,1,17
137,2,91,7,293,90,144,164,,,2,17
138,2,91,7,293,72,2,140,165,,3,17
139,2,91,7,294,116,16,,,,1,17
140,2,91,7,294,116,16,,,,2,17
141,2,91,7,294,116,16,,,,3,17
142,2,91,7,295,72,2,140,165,95,1,18
143,2,91,7,295,120,144,160,,,2,18
144,2,91,7,115,72,2,140,165,,1,17
145,2,91,7,115,120,144,160,,,2,17
146,2,91,7,115,90,144,164,,,3,17
147,2,91,7,296,66,70,78,,,1,20
148,2,91,7,297,66,70,,,,1,17
149,2,91,7,297,72,2,140,165,,2,17
150,2,91,7,298,66,70,,,,1,18
151,2,91,7,298,90,144,164,140,,2,18
152,2,89,7,116,118,90,145,,,1,17
153,2,89,7,116,72,2,140,165,,2,17
154,2,89,7,116,118,90,145,,,3,17
155,2,89,7,134,25,151,53,152,100,1,23
156,2,89,7,135,58,11,107,,,1,17
157,2,89,7,135,77,40,,,,2,17
158,2,89,7,206,19,144,145,100,65,1,18
159,2,89,7,206,25,151,53,152,100,2,18
160,2,89,3,237,17,56,111,100,,1,19
161,2,89,3,237,20,144,145,100,65,2,16
162,2,89,3,237,64,147,21,29,,3,18
163,2,89,3,237,5,112,53,40,74,4,20
164,2,89,2,238,17,56,111,100,,1,19
165,2,89,2,238,20,144,145,100,65,2,16
166,2,89,2,238,64,147,21,29,,3,18
167,2,89,2,238,8,144,145,16,160,4,20
168,2,89,1,239,17,56,111,100,,1,19
169,2,89,1,239,20,144,145,100,65,2,16
170,2,89,1,239,64,147,21,29,,3,18
171,2,89,1,239,2,144,53,73,158,4,20
172,2,22,7,353,23,165,74,95,11,1,21
173,2,22,7,126,60,16,66,,,1,18
174,2,22,7,126,116,16,,,,2,18
175,2,22,7,354,32,74,144,61,95,1,18
176,2,22,7,354,33,74,144,61,95,2,18
177,2,22,7,355,27,112,111,121,,1,19
178,2,22,7,355,41,72,140,11,,2,19
179,2,22,7,127,69,54,165,94,122,1,18
180,2,22,7,127,43,1,94,136,,2,18
181,2,22,7,128,58,11,107,40,,1,18
182,2,22,7,128,37,40,145,100,,2,18
183,2,22,7,128,58,11,107,40,,1,18
184,2,22,7,112,81,144,128,,,1,21
185,2,22,7,356,19,144,145,100,65,1,17
186,2,22,7,356,19,144,145,100,65,2,17
187,2,22,7,356,20,144,145,100,65,3,17
188,2,22,7,129,100,144,113,128,,1,18
189,2,22,7,129,81,144,,,,2,18
190,2,22,7,113,81,144,,,,1,18
191,2,22,7,113,81,144,,,,2,18
192,2,22,7,113,82,144,128,151,,3,18
193,2,6,7,299,25,151,53,152,100,1,21
194,2,6,7,299,25,151,53,152,100,2,21
195,2,6,7,252,100,144,113,128,,1,20
196,2,6,7,252,81,144,,,,2,20
197,2,6,7,252,100,144,113,128,,3,20
198,2,6,7,136,25,151,53,152,100,1,23
199,2,6,7,215,100,144,113,128,,1,21
200,2,6,7,215,25,151,53,152,100,2,18
201,2,6,7,215,26,151,53,153,,3,24
202,2,20,7,158,43,1,94,136,,1,18
203,2,20,7,158,69,54,165,94,122,2,18
204,2,20,7,158,43,1,94,136,,3,18
205,2,20,7,158,69,54,165,94,122,4,18
206,2,20,7,144,66,70,78,,,1,20
207,2,20,7,144,95,144,113,10,109,2,20
208,2,20,7,183,58,11,107,40,,1,21
209,2,20,7,183,4,112,53,40,74,2,21
210,2,20,7,69,15,50,49,,,1,19
211,2,20,7,69,15,50,49,,,2,19
212,2,20,7,145,74,144,27,109,115,1,21
213,2,20,7,145,95,144,113,10,109,2,21
214,2,20,7,70,10,144,134,,,1,20
215,2,20,7,70,13,95,134,,,2,20
216,2,20,7,70,48,144,29,,,3,20
217,2,20,7,184,19,144,145,100,65,1,19
218,2,20,7,184,50,112,53,28,,2,19
219,2,20,7,184,23,165,74,95,11,3,19
220,2,20,7,184,27,112,111,121,,4,19
221,2,20,7,146,74,144,27,109,,1,20
222,2,20,7,146,66,70,78,,,2,20
223,2,20,7,146,74,144,27,109,,3,20
224,2,20,7,159,52,112,53,11,89,1,23
225,2,21,7,160,25,151,53,152,100,1,20
226,2,21,7,160,35,96,53,117,32,2,20
227,2,66,7,217,104,14,53,,,1,23
228,2,66,7,217,79,21,29,59,,2,23
229,2,67,7,218,79,21,29,59,,1,25
230,2,67,7,161,43,1,94,136,122,1,22
231,2,67,7,161,1,53,73,158,94,2,22
232,2,67,7,219,4,53,40,74,101,1,22
233,2,67,7,219,104,14,53,,,2,22
234,2,67,7,147,74,144,27,109,115,1,25
235,2,67,7,154,66,70,78,,,1,20
236,2,67,7,154,95,144,113,10,109,2,20
237,2,66,7,148,74,144,27,109,,1,19
238,2,66,7,148,66,70,,,,2,19
239,2,66,7,148,74,144,27,109,,3,19
240,2,66,7,148,74,144,27,109,,4,19
241,2,66,7,149,95,144,113,10,109,1,20
242,2,66,7,149,95,144,113,10,109,2,20
243,2,66,7,149,74,144,27,109,,3,20
244,2,66,7,150,74,144,27,109,115,1,21
245,2,66,7,150,75,144,27,109,115,2,21
246,2,67,7,162,39,117,96,29,27,1,21
247,2,67,7,162,16,56,111,100,162,2,21
248,2,67,7,162,52,112,53,11,89,3,21
249,2,67,7,151,74,144,27,109,115,1,21
250,2,67,7,151,74,144,27,109,115,2,21
251,2,67,7,151,75,144,27,109,115,3,21
252,2,67,7,220,79,21,29,,,1,20
253,2,67,7,220,79,21,29,,,2,20
254,2,67,7,220,79,21,29,,,3,20
255,2,66,7,163,69,165,94,122,136,1,22
256,2,66,7,163,35,96,53,117,32,2,22
257,2,66,7,164,16,56,111,100,162,1,19
258,2,66,7,164,19,144,145,100,65,2,19
259,2,66,7,164,19,144,145,100,65,3,19
260,2,66,7,164,69,54,165,94,122,4,19
261,2,66,7,165,52,112,53,11,89,1,20
262,2,66,7,165,43,1,94,136,122,2,20
263,2,66,7,165,16,56,111,100,162,3,20
264,2,21,7,166,16,56,111,100,162,1,21
265,2,21,7,166,17,56,111,100,162,2,21
266,2,21,7,152,74,144,27,109,115,1,21
267,2,21,7,152,95,144,113,10,109,2,21
268,2,21,7,153,95,144,113,10,109,1,19
269,2,21,7,153,75,144,27,109,,2,19
270,2,21,7,221,104,14,53,,,1,20
271,2,21,7,221,79,21,29,,,2,20
272,2,19,7,207,35,96,53,117,32,1,22
273,2,19,7,207,35,96,53,117,32,2,22
274,2,19,7,130,58,11,107,40,74,1,24
275,2,19,7,130,37,40,145,100,107,2,24
276,2,19,7,318,88,96,29,,,1,22
277,2,19,7,318,89,96,29,93,,2,22
278,2,19,7,318,88,96,29,,,3,22
279,2,19,7,208,29,144,112,95,145,1,23
280,2,19,7,208,30,144,112,95,145,2,23
281,2,19,7,319,109,144,124,,,1,26
282,2,19,7,209,52,53,11,89,113,1,24
283,2,19,7,209,52,53,11,89,113,2,24
284,2,19,7,209,52,53,11,89,113,3,24
285,2,19,7,210,16,56,111,100,162,1,19
286,2,19,7,210,19,144,145,100,65,2,19
287,2,19,7,210,29,74,144,61,95,3,19
288,2,19,7,210,52,112,53,11,89,4,19
289,2,19,7,210,25,151,53,152,100,5,19
290,2,19,7,131,60,16,66,160,,1,22
291,2,19,7,131,60,16,66,160,,2,22
292,2,19,7,131,61,16,66,160,,3,22
293,2,19,7,320,100,144,113,128,,1,20
294,2,19,7,320,109,144,124,,,2,20
295,2,19,7,320,100,144,113,128,,3,20
296,2,19,7,320,81,144,,,,4,20
297,2,76,7,260,20,144,145,100,65,1,20
298,2,76,7,260,41,72,140,11,,2,20
299,2,102,7,261,20,144,145,100,65,1,21
300,2,102,7,261,20,144,145,100,65,2,21
301,2,102,7,262,96,96,66,29,21,1,21
302,2,102,7,262,66,70,78,,,2,21
303,2,103,7,263,41,72,140,11,,1,17
304,2,103,7,263,109,144,124,,,2,17
305,2,103,7,263,88,96,29,,,3,17
306,2,103,7,263,41,72,140,11,,4,17
307,2,103,7,263,20,144,145,100,65,5,17
308,2,104,7,264,66,70,78,,,1,21
309,2,104,7,264,66,70,78,,,2,21
310,2,104,7,265,19,144,145,100,65,1,20
311,2,104,7,265,20,144,145,100,65,2,20
312,2,104,7,265,96,96,66,29,21,3,20
313,2,105,7,266,109,144,124,,,1,21
314,2,105,7,266,41,72,140,11,20,2,21
315,2,102,7,267,19,144,145,100,65,1,19
316,2,102,7,267,20,144,145,100,65,2,19
317,2,102,7,267,20,144,145,100,65,3,19
318,2,102,7,267,19,144,145,100,65,4,19
319,2,102,7,268,88,96,29,,,1,20
320,2,102,7,268,109,144,124,,,2,20
321,2,102,7,268,109,144,124,,,3,20
322,2,105,7,269,27,112,111,121,,1,23
323,2,105,7,269,23,165,74,95,11,2,23
324,2,105,7,269,28,112,111,121,,3,23
325,2,105,7,270,23,165,74,95,11,1,23
326,2,105,7,270,27,112,111,121,,2,23
327,2,105,7,270,24,165,74,95,11,3,23
328,2,105,7,137,95,113,10,109,101,1,25
329,2,105,7,137,111,61,,,,2,24
330,2,105,7,137,115,19,101,11,,3,29
331,2,102,7,271,88,96,29,,,1,22
332,2,102,7,271,109,144,124,,,2,22
333,2,7,7,211,69,165,94,122,136,1,23
334,2,7,7,211,70,165,94,122,136,2,23
335,2,7,7,2,43,1,94,136,122,1,21
336,2,7,7,2,69,165,94,122,136,2,21
337,2,7,7,2,43,1,94,136,122,3,21
338,2,7,7,2,69,165,94,122,136,4,21
339,2,7,7,3,69,165,94,122,136,1,24
340,2,7,7,3,69,165,94,122,136,2,24
341,2,7,7,167,1,53,73,158,94,1,24
342,2,7,7,167,2,53,73,158,94,2,24
343,2,7,7,4,102,7,66,105,,1,26
344,2,7,7,93,70,165,94,122,136,1,24
345,2,7,7,93,44,1,94,136,122,2,24
346,2,7,7,93,2,53,73,158,94,3,24
347,2,7,7,212,43,1,94,136,122,1,23
348,2,7,7,212,44,1,94,136,122,2,23
349,2,7,7,114,71,102,165,94,122,1,29
350,2,7,7,114,114,22,10,,,2,24
351,2,7,7,114,45,91,94,80,122,3,29
352,2,82,3,242,17,56,111,100,162,1,25
353,2,82,3,242,102,7,66,,,2,23
354,2,82,3,242,130,11,35,74,63,3,22
355,2,82,3,242,64,147,21,29,,4,20
356,2,82,3,242,5,53,40,74,101,5,25
357,2,82,2,240,17,56,111,100,162,1,25
358,2,82,2,240,58,11,107,40,74,2,23
359,2,82,2,240,102,7,66,,,3,22
360,2,82,2,240,64,147,21,29,,4,20
361,2,82,2,240,8,145,16,160,11,5,25
362,2,82,1,241,17,56,111,100,162,1,25
363,2,82,1,241,130,11,35,74,63,2,23
364,2,82,1,241,58,11,107,40,,3,22
365,2,82,1,241,64,147,21,29,,4,20
366,2,82,1,241,2,53,73,158,94,5,25
367,2,83,7,77,92,75,20,88,,1,23
368,2,83,7,78,92,75,20,88,,1,22
369,2,83,7,79,92,75,20,88,,1,24
370,2,84,7,80,92,75,20,88,,1,23
371,2,84,7,80,92,75,20,88,,2,23
372,2,84,7,81,92,75,20,88,,1,22
373,2,84,7,82,92,75,20,88,,1,24
374,2,85,7,83,92,75,20,88,,1,22
375,2,85,7,84,93,75,20,88,,1,23
376,2,85,7,85,92,75,20,88,,1,24
377,2,85,7,86,93,75,20,88,,1,22
378,2,86,7,87,92,75,20,88,,1,22
379,2,86,7,87,92,75,20,88,,2,22
380,2,86,7,87,92,75,20,88,,3,22
381,2,86,7,88,92,75,20,88,,1,24
382,2,86,7,89,92,75,20,88,,1,24
383,2,87,7,272,41,72,140,11,20,1,25
384,2,87,7,272,41,72,140,11,20,2,25
385,2,87,7,272,42,113,11,140,20,3,25
386,2,87,7,273,109,144,124,,,1,26
387,2,87,7,273,96,66,29,21,59,2,26
388,2,87,7,274,41,72,140,11,20,1,23
389,2,87,7,274,19,145,100,65,49,2,23
390,2,87,7,274,20,144,145,100,65,3,23
391,2,87,7,274,41,72,140,11,20,4,23
392,2,23,7,117,118,90,145,140,,1,22
393,2,23,7,117,60,16,66,160,,2,22
394,2,23,7,117,118,90,145,140,,3,22
395,2,23,7,118,72,140,165,95,160,1,24
396,2,23,7,118,118,90,145,140,61,2,24
397,2,23,7,119,118,90,145,140,61,1,27
398,2,23,7,120,60,16,66,160,,1,21
399,2,23,7,120,90,144,164,140,,2,21
400,2,23,7,120,118,90,145,140,,3,21
401,2,23,7,120,116,16,125,,,4,21
402,2,23,7,253,100,113,128,115,76,1,29
403,2,23,7,253,101,113,128,115,76,2,29
404,2,23,7,121,129,130,144,,,1,24
405,2,23,7,121,129,130,144,,,2,24
406,2,23,7,185,29,61,95,49,50,1,29
407,2,23,7,185,33,144,61,95,49,2,29
408,2,24,7,186,118,90,145,140,61,1,28
409,2,24,7,186,60,16,66,160,32,2,28
410,2,24,7,186,116,16,125,74,,3,28
411,2,24,7,31,16,111,100,162,163,1,29
412,2,24,7,31,17,56,111,100,162,2,29
413,2,24,7,168,16,56,111,100,162,1,24
414,2,24,7,168,52,53,11,89,113,2,24
415,2,24,7,168,19,145,100,65,49,3,24
416,2,24,7,168,25,151,53,152,100,4,24
417,2,24,7,168,52,53,11,89,113,5,24
418,2,24,7,5,19,145,100,65,49,1,27
419,2,24,7,5,25,53,152,100,142,2,27
420,2,24,7,5,19,145,100,65,49,3,27
421,2,24,7,6,35,53,117,32,85,1,29
422,2,24,7,6,52,53,11,89,113,2,29
423,2,24,7,169,60,16,66,160,32,1,30
424,2,24,7,169,60,16,66,160,32,2,30
425,2,24,7,170,16,56,111,100,162,1,27
426,2,24,7,170,52,53,11,89,113,2,27
427,2,24,7,170,16,56,111,100,162,3,27
428,2,24,7,170,17,56,111,100,162,4,27
429,2,24,7,32,16,56,111,100,162,1,26
430,2,24,7,32,17,56,111,100,162,2,26
431,2,24,7,32,21,53,74,50,86,3,26
432,2,24,7,32,22,53,74,50,86,4,26
433,2,24,7,33,21,53,74,50,86,1,25
434,2,24,7,33,16,56,111,100,162,2,25
435,2,24,7,33,16,56,111,100,162,3,25
436,2,24,7,33,21,53,74,50,86,4,25
437,2,24,7,33,21,53,74,50,86,5,25
438,2,24,7,16,109,144,124,,,1,28
439,2,24,7,16,109,144,124,,,2,28
440,2,24,7,16,109,144,124,,,3,28
441,2,25,7,34,16,56,111,100,162,1,26
442,2,25,7,34,21,53,74,50,86,2,26
443,2,25,7,34,16,56,111,100,162,3,26
444,2,25,7,34,22,53,74,50,86,4,26
445,2,25,7,35,16,111,100,162,163,1,28
446,2,25,7,35,84,90,53,50,,2,28
447,2,25,7,35,17,56,111,100,162,3,28
448,2,25,7,36,17,56,111,100,162,1,29
449,2,25,7,36,22,53,74,50,86,2,29
450,2,25,7,37,21,53,74,50,86,1,28
451,2,25,7,37,84,90,53,50,,2,28
452,2,25,7,37,22,53,74,50,86,3,28
453,2,25,7,17,109,144,124,,,1,29
454,2,25,7,17,89,96,29,93,,2,29
455,2,25,7,38,83,74,50,143,4,1,33
456,2,25,7,18,109,144,124,,,1,26
457,2,25,7,18,109,144,124,,,2,26
458,2,25,7,18,88,96,29,,,3,26
459,2,25,7,18,109,144,124,,,4,26
460,2,25,7,19,109,144,124,,,1,29
461,2,25,7,19,88,96,29,,,2,29
462,2,25,7,20,88,96,29,,,1,28
463,2,25,7,20,88,96,29,,,2,28
464,2,25,7,20,109,144,124,,,3,28
465,2,25,7,39,21,74,50,86,37,1,29
466,2,25,7,39,22,53,74,50,86,2,29
467,2,26,7,171,35,117,32,85,83,1,33
468,2,26,7,172,25,53,152,100,142,1,29
469,2,26,7,172,26,151,53,152,,2,29
470,2,26,7,7,17,56,111,100,162,1,29
471,2,26,7,7,40,117,29,27,32,2,29
472,2,26,7,21,109,144,124,,,1,25
473,2,26,7,21,109,144,124,,,2,25
474,2,26,7,21,110,144,124,123,,3,25
475,2,26,7,21,109,144,124,,,4,25
476,2,26,7,21,88,96,29,,,5,25
477,2,26,7,22,109,144,124,,,1,28
478,2,26,7,22,88,96,29,,,2,28
479,2,26,7,22,110,144,124,123,,3,28
480,2,26,7,8,1,73,158,94,102,1,29
481,2,26,7,8,2,53,73,158,94,2,29
482,2,26,7,173,44,94,136,122,2,1,28
483,2,26,7,173,43,94,136,122,2,2,28
484,2,26,7,173,43,94,136,122,2,3,28
485,2,26,7,40,85,90,53,50,,1,28
486,2,26,7,40,84,90,53,50,,2,28
487,2,26,7,40,84,90,53,50,,3,28
488,2,26,7,41,17,56,111,100,162,1,26
489,2,26,7,41,83,111,74,50,143,2,26
490,2,26,7,41,84,90,53,50,,3,26
491,2,26,7,41,16,56,111,100,162,4,26
492,2,26,7,174,69,94,122,136,2,1,29
493,2,26,7,174,43,94,136,122,2,2,29
494,2,26,7,174,114,22,10,1,,3,29
495,2,27,7,23,88,96,29,,,1,29
496,2,27,7,23,109,144,124,,,2,29
497,2,27,7,103,66,70,78,74,,1,28
498,2,27,7,103,56,74,70,51,49,2,28
499,2,27,7,103,66,70,78,74,,3,28
500,2,27,7,104,56,74,70,51,49,1,29
501,2,27,7,104,66,70,78,74,,2,29
502,2,27,7,24,110,144,124,123,,1,33
503,2,27,7,105,66,70,78,74,49,1,33
504,2,27,7,25,88,96,29,,,1,26
505,2,27,7,25,88,96,29,,,2,26
506,2,27,7,25,88,96,29,,,3,26
507,2,27,7,25,88,96,29,,,4,26
508,2,28,7,106,66,70,78,74,,1,29
509,2,28,7,106,67,70,78,74,,2,29
510,2,28,7,107,56,74,70,51,49,1,29
511,2,28,7,107,57,74,70,51,49,2,29
512,2,28,7,26,110,144,124,123,,1,28
513,2,28,7,26,109,144,124,,,2,28
514,2,28,7,26,110,144,124,123,,3,28
515,2,28,7,27,89,96,29,93,85,1,33
516,2,28,7,28,100,113,128,115,76,1,29
517,2,28,7,28,100,113,128,115,76,2,29
518,2,28,7,108,67,70,78,74,,1,33
519,2,28,7,109,57,74,70,51,49,1,29
520,2,28,7,109,67,70,78,74,,2,29
521,2,28,7,29,110,144,124,123,,1,29
522,2,28,7,29,89,96,29,93,,2,29
523,2,28,7,110,56,112,74,70,51,1,26
524,2,28,7,110,56,112,74,70,51,2,26
525,2,28,7,110,67,70,78,74,,3,26
526,2,28,7,110,66,70,78,74,,4,26
527,2,28,7,30,109,144,124,,,1,25
528,2,28,7,30,110,144,124,123,,2,25
529,2,28,7,30,109,144,124,,,3,25
530,2,28,7,30,109,144,124,,,4,25
531,2,28,7,30,110,144,124,123,,5,25
532,2,29,7,42,21,74,50,86,37,1,29
533,2,29,7,42,22,53,74,50,86,2,29
534,2,29,7,43,21,53,74,50,86,1,26
535,2,29,7,43,21,53,74,50,86,2,26
536,2,29,7,43,22,53,74,50,86,3,26
537,2,29,7,43,21,53,74,50,86,4,26
538,2,29,7,44,85,90,53,50,37,1,34
539,2,8,7,187,96,21,59,93,98,1,34
540,2,8,7,187,64,21,29,97,104,2,34
541,2,8,7,188,97,21,59,93,98,1,38
542,2,8,7,189,96,29,21,59,93,1,31
543,2,8,7,189,96,29,21,59,93,2,31
544,2,8,7,189,64,21,29,97,104,3,31
545,2,8,7,189,96,29,21,59,93,4,31
546,2,8,7,340,24,74,95,11,52,1,33
547,2,8,7,340,28,112,111,121,95,2,33
548,2,8,7,340,24,74,95,11,52,3,33
549,2,8,7,341,28,112,111,121,95,1,34
550,2,8,7,341,24,74,95,11,52,2,34
551,2,8,7,190,96,21,59,93,98,1,34
552,2,8,7,190,97,29,21,59,93,2,34
553,2,8,7,194,109,144,124,123,125,1,37
554,2,8,7,194,89,29,93,85,123,2,39
555,2,8,7,194,109,144,124,123,125,3,37
556,2,8,7,194,110,124,123,154,115,4,43
557,2,8,7,223,111,61,132,,,1,30
558,2,8,7,223,108,140,132,29,27,2,30
559,2,77,7,46,66,70,78,74,,1,31
560,2,77,7,46,56,74,70,51,49,2,31
561,2,77,7,46,57,74,70,51,49,3,31
562,2,77,7,47,66,70,78,74,49,1,32
563,2,77,7,47,67,70,78,74,,2,32
564,2,77,7,48,57,74,70,51,49,1,36
565,2,77,7,49,56,74,70,51,49,1,31
566,2,77,7,49,56,74,70,51,49,2,31
567,2,77,7,49,57,74,70,51,49,3,31
568,2,77,7,50,106,31,79,110,,1,37
569,2,77,7,50,107,19,4,43,,2,37
570,2,97,7,275,24,74,95,11,52,1,33
571,2,94,7,276,42,113,11,140,20,1,25
572,2,94,7,276,41,72,140,11,20,2,25
573,2,94,7,276,41,72,140,11,20,3,25
574,2,94,7,276,20,144,145,100,65,4,25
575,2,94,7,276,41,72,140,11,20,5,25
576,2,94,7,300,81,144,128,151,,1,28
577,2,94,7,300,100,144,113,128,115,2,28
578,2,94,7,300,82,144,128,151,,3,28
579,2,94,7,277,104,14,53,74,,1,29
580,2,94,7,277,41,140,11,20,163,2,29
581,2,94,7,301,88,96,29,,,1,26
582,2,94,7,301,110,144,124,123,,2,26
583,2,94,7,301,109,144,124,,,3,26
584,2,94,7,301,110,144,124,123,,4,26
585,2,95,7,278,20,145,100,65,49,1,28
586,2,95,7,278,97,66,29,21,59,2,28
587,2,95,7,278,20,145,100,65,49,3,28
588,2,95,7,302,101,113,128,115,76,1,29
589,2,95,7,302,110,144,124,123,,2,29
590,2,96,7,279,23,74,95,11,52,1,28
591,2,96,7,279,41,140,11,20,163,2,28
592,2,96,7,279,104,14,53,74,,3,28
593,2,96,7,280,66,70,78,74,,1,29
594,2,96,7,280,96,29,21,59,93,2,29
595,2,96,7,303,101,113,128,115,76,1,33
596,2,97,7,304,97,29,21,59,93,1,33
597,2,97,7,191,64,147,21,29,97,1,29
598,2,97,7,191,122,21,8,76,,2,29
599,2,97,7,305,82,144,128,151,,1,26
600,2,97,7,305,109,144,124,,,2,26
601,2,97,7,305,110,144,124,123,,3,26
602,2,97,7,305,81,144,128,151,,4,26
603,2,98,7,281,66,70,78,74,,1,29
604,2,98,7,281,67,70,78,74,,2,29
605,2,98,7,306,100,144,113,128,115,1,25
606,2,98,7,306,109,144,124,,,2,25
607,2,98,7,306,82,144,128,151,,3,25
608,2,98,7,306,81,144,128,151,,4,25
609,2,98,7,306,109,144,124,,,5,25
610,2,98,7,282,41,140,11,20,163,1,28
611,2,98,7,282,41,140,11,20,163,2,28
612,2,98,7,282,42,113,11,140,20,3,28
613,2,99,7,283,104,14,53,74,,1,29
614,2,99,7,283,104,14,53,74,,2,29
615,2,99,7,284,27,112,111,121,95,1,29
616,2,99,7,284,28,112,111,121,95,2,29
617,2,99,7,285,20,144,145,100,65,1,26
618,2,99,7,285,24,165,74,95,11,2,26
619,2,99,7,285,109,144,124,,,3,26
620,2,99,7,285,42,113,11,140,20,4,26
621,2,99,7,308,101,113,128,115,76,1,29
622,2,99,7,308,89,96,29,93,,2,29
623,2,100,7,286,20,144,145,100,65,1,26
624,2,100,7,286,41,72,140,11,20,2,26
625,2,100,7,286,42,113,11,140,20,3,26
626,2,100,7,286,19,145,100,65,49,4,26
627,2,100,7,287,110,144,124,123,,1,28
628,2,100,7,287,42,113,11,140,20,2,28
629,2,100,7,287,109,144,124,,,3,28
630,2,100,7,307,88,96,29,,,1,29
631,2,100,7,307,101,113,128,115,76,2,29
632,2,101,7,288,42,113,11,140,20,1,28
633,2,101,7,288,96,66,29,21,59,2,28
634,2,101,7,288,97,66,29,21,59,3,28
635,2,101,7,289,96,66,29,21,59,1,28
636,2,101,7,289,88,96,29,,,2,28
637,2,101,7,289,66,70,78,74,,3,28
638,2,101,7,309,100,144,113,128,115,1,28
639,2,101,7,309,109,144,124,,,2,28
640,2,101,7,309,82,144,128,151,,3,28
641,2,92,7,310,81,144,128,151,140,1,29
642,2,92,7,310,109,144,124,,,2,29
643,2,92,7,311,67,70,78,74,,1,33
644,2,93,7,312,19,145,100,65,49,1,25
645,2,93,7,312,19,145,100,65,49,2,25
646,2,93,7,312,41,72,140,11,20,3,25
647,2,93,7,312,19,145,100,65,49,4,25
648,2,93,7,312,23,74,95,11,52,5,25
649,2,99,3,244,18,111,100,162,163,1,37
650,2,99,3,244,102,105,73,136,94,2,38
651,2,99,3,244,130,11,35,74,63,3,35
652,2,99,3,244,65,21,29,97,104,4,35
653,2,99,3,244,6,40,74,101,121,5,40
654,2,99,2,243,18,111,100,162,163,1,37
655,2,99,2,243,58,107,40,74,146,2,38
656,2,99,2,243,102,66,105,73,136,3,35
657,2,99,2,243,65,21,29,97,104,4,35
658,2,99,2,243,9,16,160,11,164,5,40
659,2,99,1,245,18,111,100,162,163,1,37
660,2,99,1,245,130,11,35,74,63,2,38
661,2,99,1,245,58,107,40,74,146,3,35
662,2,99,1,245,65,21,29,97,104,4,35
663,2,99,1,245,3,73,158,94,102,5,40
664,2,93,7,290,104,14,53,74,49,1,32
665,2,93,7,290,96,21,59,93,98,2,32
666,2,93,7,290,105,14,53,74,49,3,32
667,2,93,7,138,33,61,95,49,50,1,37
668,2,93,7,138,115,19,101,11,145,2,35
669,2,93,7,138,111,61,132,145,,3,37
670,2,93,7,138,31,112,145,13,95,4,41
671,2,11,7,224,79,29,59,53,160,1,33
672,2,11,7,224,79,29,59,53,160,2,33
673,2,11,7,224,80,29,59,53,160,3,33
674,2,11,7,225,122,21,8,76,32,1,34
675,2,11,7,225,64,21,29,97,104,2,34
676,2,11,7,226,64,21,29,97,104,1,31
677,2,11,7,226,79,21,29,59,53,2,31
678,2,11,7,226,122,21,8,76,32,3,31
679,2,11,7,226,64,21,29,97,104,4,31
680,2,11,7,90,92,75,20,88,66,1,33
681,2,11,7,90,92,75,20,88,66,2,33
682,2,11,7,90,93,75,20,88,66,3,33
683,2,11,7,91,93,20,88,66,36,1,38
684,2,11,7,92,92,75,20,88,66,1,34
685,2,11,7,92,93,75,20,88,66,2,34
686,2,11,7,227,80,59,53,160,164,1,38
687,2,11,7,291,64,29,97,104,98,1,38
688,2,11,7,291,122,21,8,76,32,2,37
689,2,11,7,291,49,94,72,136,97,3,38
690,2,11,7,291,65,97,104,99,105,4,43
691,2,30,7,326,72,165,95,160,22,1,30
692,2,30,7,326,90,164,140,18,6,2,30
693,2,30,7,327,118,90,145,140,61,1,29
694,2,30,7,327,116,16,125,74,,2,29
695,2,30,7,327,120,144,160,57,104,3,29
696,2,30,7,328,116,16,125,74,160,1,30
697,2,30,7,328,116,16,125,74,160,2,30
698,2,30,7,329,60,16,66,160,32,1,30
699,2,30,7,329,61,16,66,160,32,2,30
700,2,30,7,330,116,16,125,74,,1,27
701,2,30,7,330,72,165,95,160,22,2,27
702,2,30,7,330,72,165,95,160,22,3,27
703,2,30,7,330,118,90,145,140,61,4,27
704,2,30,7,331,118,90,145,140,61,1,29
705,2,30,7,331,90,144,164,140,18,2,29
706,2,30,7,331,119,90,145,140,61,3,29
707,2,30,7,332,72,165,95,160,22,1,27
708,2,30,7,332,72,165,95,160,22,2,27
709,2,30,7,332,120,144,160,57,104,3,27
710,2,30,7,332,116,16,125,74,,4,27
711,2,30,7,332,73,165,95,160,22,5,27
712,2,30,7,9,118,145,140,61,50,1,30
713,2,30,7,9,119,145,140,61,50,2,30
714,2,30,7,10,120,144,160,57,104,1,29
715,2,30,7,10,120,144,160,57,104,2,29
716,2,30,7,10,120,144,160,57,104,3,29
717,2,30,7,11,60,16,66,160,32,1,27
718,2,30,7,11,118,90,145,140,61,2,27
719,2,30,7,11,119,90,145,140,61,3,27
720,2,30,7,11,118,90,145,140,61,4,27
721,2,30,7,11,60,16,66,160,32,5,27
722,2,31,7,333,90,164,140,18,6,1,31
723,2,31,7,333,91,164,140,18,6,2,31
724,2,31,7,334,116,16,125,74,,1,28
725,2,31,7,334,116,16,125,74,,2,28
726,2,31,7,334,117,16,125,74,,3,28
727,2,31,7,334,116,16,125,74,,4,28
728,2,31,7,12,117,16,125,74,160,1,30
729,2,31,7,12,116,16,125,74,160,2,30
730,2,31,7,12,117,16,125,74,160,3,30
731,2,31,7,13,119,145,140,61,50,1,35
732,2,31,7,175,72,165,95,160,22,1,30
733,2,31,7,175,116,16,125,74,160,2,30
734,2,31,7,175,86,59,53,,,3,30
735,2,31,7,335,120,160,57,104,142,1,35
736,2,31,7,45,22,53,74,50,86,1,30
737,2,31,7,45,22,53,74,50,86,2,30
738,2,31,7,45,17,56,111,100,162,3,30
739,2,31,7,14,90,164,140,18,6,1,30
740,2,31,7,14,90,164,140,18,6,2,30
741,2,31,7,14,91,164,140,18,6,3,30
742,2,31,7,176,118,145,140,61,50,1,31
743,2,31,7,176,119,145,140,61,50,2,31
744,2,31,7,15,60,66,160,32,13,1,31
745,2,31,7,15,119,145,140,61,50,2,31
746,2,32,7,122,119,90,145,140,61,1,28
747,2,32,7,122,118,90,145,140,61,2,28
748,2,32,7,122,119,90,145,140,61,3,28
749,2,32,7,122,119,90,145,140,61,4,28
750,2,32,7,123,129,130,144,,,1,27
751,2,32,7,123,129,130,144,,,2,27
752,2,32,7,123,129,130,144,,,3,27
753,2,32,7,123,129,130,144,,,4,27
754,2,32,7,123,129,130,144,,,5,27
755,2,32,7,123,129,130,144,,,6,27
756,2,32,7,111,72,165,95,160,22,1,31
757,2,32,7,111,72,165,95,160,22,2,31
758,2,32,7,111,73,165,95,160,22,3,31
759,2,32,7,336,117,16,125,74,160,1,33
760,2,32,7,336,73,165,95,160,22,2,33
761,2,32,7,124,90,164,140,18,6,1,31
762,2,32,7,124,91,164,140,18,6,2,31
763,2,32,7,125,119,145,140,61,50,1,33
764,2,32,7,125,118,145,140,61,50,2,33
765,2,32,7,337,121,144,160,57,,1,37
766,2,32,7,338,61,16,66,160,32,1,32
767,2,32,7,338,72,165,95,160,22,2,32
768,2,32,7,338,117,16,125,74,160,3,32
769,2,32,7,339,120,160,57,104,142,1,33
770,2,32,7,339,8,16,160,11,164,2,33
771,2,80,7,71,38,40,145,100,107,1,38
772,2,79,7,72,4,40,74,101,121,1,34
773,2,79,7,72,5,40,74,101,121,2,34
774,2,80,7,313,81,144,128,151,140,1,33
775,2,80,7,313,82,144,128,151,140,2,33
776,2,80,7,313,100,113,128,115,76,3,33
777,2,78,7,314,101,113,128,115,76,1,29
778,2,78,7,314,110,144,124,123,,2,29
779,2,81,7,73,58,107,40,74,146,1,34
780,2,81,7,73,77,40,145,132,,2,34
781,2,81,7,315,81,144,128,151,140,1,34
782,2,81,7,315,101,113,128,115,76,2,34
783,2,9,7,74,58,107,40,74,146,1,36
784,2,9,7,74,37,100,107,20,46,2,36
785,2,9,7,74,38,40,145,100,107,3,36
786,2,9,7,321,37,100,107,20,46,1,36
787,2,9,7,321,37,100,107,20,46,2,36
788,2,9,7,321,38,40,145,100,107,3,36
789,2,9,7,322,77,40,145,132,,1,34
790,2,9,7,322,4,40,74,101,121,2,34
791,2,9,7,322,37,145,100,107,20,3,34
792,2,9,7,322,58,107,40,74,146,4,34
793,2,9,7,75,77,145,132,53,44,1,41
794,2,9,7,323,78,145,132,53,44,1,41
795,2,9,7,76,37,100,107,20,46,1,37
796,2,9,7,76,58,107,40,74,146,2,37
797,2,9,7,324,58,107,40,74,146,1,37
798,2,9,7,324,37,100,107,20,46,2,37
799,2,9,7,55,58,40,74,146,4,1,42
800,2,9,7,55,77,145,132,53,44,2,40
801,2,9,7,55,78,145,132,53,44,3,42
802,2,9,7,55,59,107,40,42,146,4,47
803,2,2,7,342,24,95,11,52,113,1,39
804,2,2,7,342,128,144,132,145,74,2,39
805,2,2,7,51,67,70,78,74,49,1,43
806,2,2,7,97,33,61,95,49,50,1,39
807,2,2,7,97,34,144,61,95,148,2,39
808,2,2,7,98,28,111,121,95,142,1,39
809,2,2,7,98,51,53,28,111,121,2,39
810,2,2,7,52,66,78,74,49,114,1,40
811,2,2,7,52,67,70,78,74,49,2,40
812,2,2,7,343,111,61,132,145,50,1,43
813,2,2,7,99,111,61,132,145,50,1,43
814,2,2,7,53,67,70,78,74,49,1,38
815,2,2,7,53,66,70,78,74,49,2,38
816,2,2,7,53,67,70,78,74,49,3,38
817,2,2,7,139,111,132,145,50,62,1,45
818,2,2,7,139,51,53,28,111,121,2,42
819,2,2,7,139,31,112,145,13,95,3,44
820,2,2,7,139,34,144,61,95,148,4,45
821,2,2,7,139,112,132,145,45,62,5,50
822,2,33,3,246,18,100,162,163,4,1,47
823,2,33,3,246,111,132,145,50,62,2,45
824,2,33,3,246,102,73,136,94,127,3,45
825,2,33,3,246,130,11,35,74,63,4,47
826,2,33,3,246,65,97,104,98,105,5,50
827,2,33,3,246,6,74,101,121,46,6,53
828,2,33,2,247,18,100,162,163,4,1,47
829,2,33,2,247,111,132,145,50,62,2,45
830,2,33,2,247,58,40,74,146,4,3,45
831,2,33,2,247,102,73,136,94,127,4,47
832,2,33,2,247,65,97,104,98,105,5,50
833,2,33,2,247,9,11,164,118,63,6,53
834,2,33,1,248,18,100,162,163,4,1,47
835,2,33,1,248,111,132,145,50,62,2,45
836,2,33,1,248,130,11,35,74,63,3,45
837,2,33,1,248,58,40,74,146,4,4,47
838,2,33,1,248,65,97,104,98,105,5,50
839,2,33,1,248,3,158,94,102,54,6,53
840,2,106,7,94,53,11,113,89,51,1,44
841,2,106,7,94,38,40,145,100,107,2,44
842,2,106,7,100,2,158,94,102,54,1,42
843,2,106,7,100,8,160,11,164,118,2,42
844,2,106,7,100,5,74,101,121,46,3,42
845,2,106,7,100,6,40,74,101,121,4,42
846,2,107,7,54,67,70,78,74,49,1,43
847,2,107,7,54,66,78,74,49,114,2,43
848,2,107,7,54,67,70,78,74,49,3,43
849,2,107,7,192,96,59,93,98,79,1,41
850,2,107,7,192,97,21,59,93,98,2,41
851,2,107,7,192,64,29,97,104,98,3,41
852,2,107,7,192,64,29,97,104,98,4,41
853,2,107,7,344,53,11,113,89,51,1,44
854,2,107,7,344,55,112,145,29,21,2,44
855,2,107,7,193,122,76,32,79,138,1,48
856,2,108,7,101,103,7,66,132,,1,43
857,2,108,7,101,91,164,140,18,6,2,43
858,2,108,7,101,59,107,40,74,146,3,43
859,2,107,7,222,5,40,74,101,121,1,40
860,2,107,7,222,131,87,13,20,67,2,40
861,2,107,7,222,108,29,27,120,113,3,40
862,2,108,7,95,47,136,72,131,121,1,43
863,2,108,7,95,87,59,53,6,,2,43
864,2,108,7,95,113,32,117,53,85,3,43
865,2,108,7,102,99,159,55,132,25,1,43
866,2,108,7,102,73,160,22,8,113,2,43
867,2,108,7,102,9,160,11,164,118,3,43
868,2,108,7,96,69,136,2,102,120,1,43
869,2,108,7,96,70,122,136,2,102,2,43
870,2,108,7,96,71,102,165,94,122,3,43
871,2,10,7,214,87,53,6,106,146,1,54
872,2,10,7,214,91,140,18,6,129,2,53
873,2,10,7,214,80,53,160,164,5,3,54
874,2,10,7,214,124,32,68,13,148,4,56
875,2,10,7,214,131,13,20,12,63,5,56
876,2,10,7,57,95,109,101,120,57,1,53
877,2,10,7,57,107,68,150,82,24,2,55
878,2,10,7,57,106,69,49,60,81,3,55
879,2,10,7,57,95,109,101,120,57,4,56
880,2,10,7,57,68,74,49,45,137,5,58
881,2,10,7,1,94,20,88,66,36,1,56
882,2,10,7,1,42,140,20,163,58,2,56
883,2,10,7,1,93,20,88,66,36,3,55
884,2,10,7,1,24,11,52,113,2,4,58
885,2,10,7,1,94,20,88,154,36,5,60
886,2,10,7,195,130,35,74,63,64,1,58
887,2,10,7,195,148,4,120,35,64,2,56
888,2,10,7,195,148,4,120,35,64,3,56
889,2,10,7,195,142,140,11,146,64,4,60
890,2,10,7,195,149,4,120,8,64,5,62
891,2,10,3,249,18,162,163,119,86,1,61
892,2,10,3,249,65,97,104,98,105,2,59
893,2,10,3,249,112,145,50,62,74,3,61
894,2,10,3,249,103,7,66,132,,4,61
895,2,10,3,249,130,35,74,63,64,5,63
896,2,10,3,249,6,101,121,42,44,6,65
897,2,10,2,250,18,162,163,119,86,1,61
898,2,10,2,250,65,97,104,98,105,2,59
899,2,10,2,250,112,145,50,62,74,3,61
900,2,10,2,250,59,107,40,74,146,4,61
901,2,10,2,250,103,7,66,132,,5,63
902,2,10,2,250,9,11,164,12,63,6,65
903,2,10,1,251,18,162,163,119,86,1,61
904,2,10,1,251,65,97,104,98,105,2,59
905,2,10,1,251,112,145,50,62,74,3,61
906,2,10,1,251,130,35,74,63,64,4,61
907,2,10,1,251,59,107,40,74,146,5,63
908,2,10,1,251,3,102,54,80,127,6,65
909,2,15,7,213,46,112,136,72,131,1,31
910,2,15,7,213,46,112,136,72,131,2,31
911,2,15,7,213,47,112,136,72,131,3,31
912,1,1,3,584,4,112,53,,,1,5
913,1,1,2,585,7,144,145,,,1,5
914,1,1,1,586,1,144,53,,,1,5
915,1,33,3,588,16,56,111,,,1,9
916,1,33,3,588,4,112,53,,,2,8
917,1,33,2,589,16,56,111,,,1,9
918,1,33,2,589,7,144,145,16,,2,8
919,1,33,1,587,16,56,111,,,1,9
920,1,33,1,587,1,144,53,73,,2,8
921,1,37,7,414,13,95,134,,,1,6
922,1,37,7,414,10,144,134,,,2,6
923,1,37,7,415,13,95,134,,,1,7
924,1,37,7,415,14,57,,,,2,7
925,1,37,7,415,13,95,134,,,3,7
926,1,37,7,416,13,95,134,,,1,9
927,1,3,7,533,50,112,,,,1,11
928,1,3,7,533,27,112,111,,,2,11
929,1,3,7,412,74,144,27,,,1,12
930,1,3,7,412,95,144,113,9,,2,14
931,1,14,7,552,16,56,111,,,1,9
932,1,14,7,552,16,56,111,,,2,9
933,1,14,7,417,10,144,134,,,1,10
934,1,14,7,417,13,95,134,,,2,10
935,1,14,7,417,10,144,134,,,3,10
936,1,14,7,701,19,144,145,100,,1,11
937,1,14,7,701,23,165,74,95,,2,11
938,1,14,7,418,13,95,134,,,1,9
939,1,14,7,418,14,57,,,,2,9
940,1,14,7,418,10,144,134,,,3,9
941,1,14,7,418,11,57,,,,4,9
942,1,14,7,702,21,90,53,74,,1,14
943,1,14,7,553,19,144,145,100,,1,10
944,1,14,7,553,32,74,144,61,,2,10
945,1,14,7,419,10,144,134,,,1,11
946,1,14,7,419,11,57,,,,2,11
947,1,14,7,554,39,117,96,29,,1,14
948,1,63,7,420,13,95,134,,,1,11
949,1,63,7,420,14,57,,,,2,11
950,1,63,7,555,35,96,53,117,,1,14
951,1,63,7,672,81,144,,,,1,11
952,1,63,7,672,100,144,113,,,2,11
953,1,63,7,421,10,144,134,,,1,10
954,1,63,7,421,11,57,,,,2,10
955,1,63,7,421,10,144,134,,,3,10
956,1,63,7,556,43,1,,,,1,11
957,1,63,7,556,69,158,54,,,2,11
958,1,63,7,703,19,144,145,100,,1,10
959,1,63,7,703,19,144,145,100,,2,10
960,1,63,7,703,41,72,140,,,3,10
961,1,63,7,496,74,144,,,,1,10
962,1,63,7,496,74,144,,,,2,10
963,1,63,7,496,95,144,113,,,3,10
964,1,65,7,610,27,112,111,,,1,11
965,1,65,7,610,19,144,145,100,,2,11
966,1,65,7,610,41,72,140,,,3,11
967,1,65,7,611,41,72,140,,,1,12
968,1,65,7,611,23,165,74,95,,2,12
969,1,65,7,612,20,144,145,100,65,1,16
970,1,65,7,613,19,144,145,100,,1,13
971,1,65,7,613,41,72,140,,,2,13
972,1,65,7,673,88,96,29,,,1,12
973,1,65,7,673,100,144,113,,,2,12
974,1,65,7,673,109,144,124,,,3,12
975,1,4,3,591,17,56,111,100,,1,18
976,1,4,3,591,63,147,,,,2,15
977,1,4,3,591,19,144,145,100,65,3,15
978,1,4,3,591,4,112,53,40,74,4,17
979,1,4,2,590,17,56,111,100,,1,18
980,1,4,2,590,63,147,,,,2,15
981,1,4,2,590,19,144,145,100,65,3,15
982,1,4,2,590,7,144,145,16,160,4,17
983,1,4,1,592,17,56,111,100,,1,18
984,1,4,1,592,63,147,,,,2,15
985,1,4,1,592,19,144,145,100,65,3,15
986,1,4,1,592,1,144,53,73,158,4,17
987,1,35,7,422,10,144,134,,,1,14
988,1,35,7,422,13,95,134,,,2,14
989,1,35,7,557,16,56,111,100,,1,14
990,1,35,7,557,29,53,144,112,95,2,14
991,1,35,7,704,19,144,145,100,65,1,14
992,1,35,7,704,23,165,74,95,,2,14
993,1,35,7,704,41,72,140,,,3,14
994,1,35,7,559,16,56,111,100,,1,16
995,1,35,7,559,29,53,144,112,95,2,16
996,1,35,7,534,56,112,74,70,,1,18
997,1,35,7,614,23,165,74,95,,1,15
998,1,35,7,614,41,72,140,11,,2,15
999,1,35,7,535,19,144,145,100,65,1,14
1000,1,35,7,535,23,165,74,95,,2,14
1001,1,36,7,497,66,70,,,,1,15
1002,1,36,7,497,74,144,27,,,2,15
1003,1,36,7,705,19,144,145,100,65,1,15
1004,1,36,7,705,21,90,53,74,50,2,15
1005,1,36,7,498,95,144,113,10,,1,17
1006,1,36,7,706,79,21,,,,1,17
1007,1,36,7,558,32,74,144,61,95,1,15
1008,1,36,7,558,29,53,144,112,95,2,15
1009,1,36,7,499,74,144,27,,,1,13
1010,1,36,7,499,74,144,27,,,2,13
1011,1,36,7,499,66,70,,,,3,13
1012,1,36,7,499,74,144,27,,,4,13
1013,1,36,7,536,19,144,145,100,65,1,14
1014,1,36,7,536,23,165,74,95,,2,14
1015,1,36,7,707,23,165,74,95,,1,14
1016,1,36,7,707,27,112,111,,,2,14
1017,1,36,7,560,43,1,,,,1,13
1018,1,36,7,560,16,56,111,100,,2,13
1019,1,36,7,560,43,1,,,,3,13
1020,1,4,7,615,66,70,,,,1,17
1021,1,4,7,615,96,96,66,29,21,2,17
1022,1,4,7,681,116,16,,,,1,16
1023,1,4,7,681,90,144,164,,,2,16
1024,1,4,7,511,118,90,145,140,,1,19
1025,1,4,7,572,120,144,160,,,1,18
1026,1,4,7,572,121,144,160,17,,2,21
1027,1,17,7,423,13,95,134,,,1,16
1028,1,17,7,423,10,144,134,,,2,16
1029,1,17,7,423,13,95,134,,,3,16
1030,1,17,7,537,7,144,145,16,160,1,20
1031,1,17,7,512,19,144,145,100,65,1,16
1032,1,17,7,512,25,151,53,152,100,2,16
1033,1,17,7,424,12,21,94,136,122,1,20
1034,1,17,7,513,16,56,111,100,,1,16
1035,1,17,7,513,16,56,111,100,,2,16
1036,1,17,7,513,16,56,111,100,,3,16
1037,1,17,7,538,21,90,53,74,50,1,16
1038,1,17,7,538,20,144,145,100,65,2,16
1039,1,88,7,561,16,56,111,100,,1,18
1040,1,88,7,561,29,53,144,112,95,2,18
1041,1,88,7,708,32,144,61,95,49,1,21
1042,1,88,7,488,32,74,144,61,95,1,19
1043,1,88,7,488,29,53,144,112,95,2,19
1044,1,88,7,489,58,11,107,40,,1,18
1045,1,88,7,489,58,11,107,40,,2,18
1046,1,91,7,648,90,144,164,140,,1,21
1047,1,91,7,649,116,16,,,,1,17
1048,1,91,7,649,90,144,164,,,2,17
1049,1,91,7,649,72,2,140,165,,3,17
1050,1,91,7,650,116,16,,,,1,17
1051,1,91,7,650,116,16,,,,2,17
1052,1,91,7,650,116,16,,,,3,17
1053,1,91,7,651,72,2,140,165,95,1,18
1054,1,91,7,651,120,144,160,,,2,18
1055,1,91,7,471,72,2,140,165,,1,17
1056,1,91,7,471,120,144,160,,,2,17
1057,1,91,7,471,90,144,164,,,3,17
1058,1,91,7,652,66,70,78,,,1,20
1059,1,91,7,653,66,70,,,,1,17
1060,1,91,7,653,72,2,140,165,,2,17
1061,1,91,7,654,66,70,,,,1,18
1062,1,91,7,654,90,144,164,140,,2,18
1063,1,89,7,472,118,90,145,,,1,17
1064,1,89,7,472,72,2,140,165,,2,17
1065,1,89,7,472,118,90,145,,,3,17
1066,1,89,7,490,25,151,53,152,100,1,23
1067,1,89,7,491,58,11,107,,,1,17
1068,1,89,7,491,77,40,,,,2,17
1069,1,89,7,562,19,144,145,100,65,1,18
1070,1,89,7,562,25,151,53,152,100,2,18
1071,1,89,3,593,17,56,111,100,,1,19
1072,1,89,3,593,20,144,145,100,65,2,16
1073,1,89,3,593,64,147,21,29,,3,18
1074,1,89,3,593,5,112,53,40,74,4,20
1075,1,89,2,594,17,56,111,100,,1,19
1076,1,89,2,594,20,144,145,100,65,2,16
1077,1,89,2,594,64,147,21,29,,3,18
1078,1,89,2,594,8,144,145,16,160,4,20
1079,1,89,1,595,17,56,111,100,,1,19
1080,1,89,1,595,20,144,145,100,65,2,16
1081,1,89,1,595,64,147,21,29,,3,18
1082,1,89,1,595,2,144,53,73,158,4,20
1083,1,22,7,709,23,165,74,95,11,1,21
1084,1,22,7,482,60,16,66,,,1,18
1085,1,22,7,482,116,16,,,,2,18
1086,1,22,7,710,32,74,144,61,95,1,18
1087,1,22,7,710,33,74,144,61,95,2,18
1088,1,22,7,711,27,112,111,121,,1,19
1089,1,22,7,711,41,72,140,11,,2,19
1090,1,22,7,483,69,54,165,94,122,1,18
1091,1,22,7,483,43,1,94,136,,2,18
1092,1,22,7,484,58,11,107,40,,1,18
1093,1,22,7,484,37,40,145,100,,2,18
1094,1,22,7,484,58,11,107,40,,1,18
1095,1,22,7,468,81,144,128,,,1,21
1096,1,22,7,712,19,144,145,100,65,1,17
1097,1,22,7,712,19,144,145,100,65,2,17
1098,1,22,7,712,20,144,145,100,65,3,17
1099,1,22,7,485,100,144,113,128,,1,18
1100,1,22,7,485,81,144,,,,2,18
1101,1,22,7,469,81,144,,,,1,18
1102,1,22,7,469,81,144,,,,2,18
1103,1,22,7,469,82,144,128,151,,3,18
1104,1,6,7,655,25,151,53,152,100,1,21
1105,1,6,7,655,25,151,53,152,100,2,21
1106,1,6,7,608,100,144,113,128,,1,20
1107,1,6,7,608,81,144,,,,2,20
1108,1,6,7,608,100,144,113,128,,3,20
1109,1,6,7,492,25,151,53,152,100,1,23
1110,1,6,7,571,100,144,113,128,,1,21
1111,1,6,7,571,25,151,53,152,100,2,18
1112,1,6,7,571,26,151,53,153,,3,24
1113,1,20,7,514,43,1,94,136,,1,18
1114,1,20,7,514,69,54,165,94,122,2,18
1115,1,20,7,514,43,1,94,136,,3,18
1116,1,20,7,514,69,54,165,94,122,4,18
1117,1,20,7,500,66,70,78,,,1,20
1118,1,20,7,500,95,144,113,10,109,2,20
1119,1,20,7,539,58,11,107,40,,1,21
1120,1,20,7,539,4,112,53,40,74,2,21
1121,1,20,7,425,15,50,49,,,1,19
1122,1,20,7,425,15,50,49,,,2,19
1123,1,20,7,501,74,144,27,109,115,1,21
1124,1,20,7,501,95,144,113,10,109,2,21
1125,1,20,7,426,10,144,134,,,1,20
1126,1,20,7,426,13,95,134,,,2,20
1127,1,20,7,426,48,144,29,,,3,20
1128,1,20,7,540,19,144,145,100,65,1,19
1129,1,20,7,540,50,112,53,28,,2,19
1130,1,20,7,540,23,165,74,95,11,3,19
1131,1,20,7,540,27,112,111,121,,4,19
1132,1,20,7,502,74,144,27,109,,1,20
1133,1,20,7,502,66,70,78,,,2,20
1134,1,20,7,502,74,144,27,109,,3,20
1135,1,20,7,515,52,112,53,11,89,1,23
1136,1,21,7,516,25,151,53,152,100,1,20
1137,1,21,7,516,35,96,53,117,32,2,20
1138,1,66,7,573,104,14,53,,,1,23
1139,1,66,7,573,79,21,29,59,,2,23
1140,1,67,7,574,79,21,29,59,,1,25
1141,1,67,7,517,43,1,94,136,122,1,22
1142,1,67,7,517,1,53,73,158,94,2,22
1143,1,67,7,575,4,53,40,74,101,1,22
1144,1,67,7,575,104,14,53,,,2,22
1145,1,67,7,503,74,144,27,109,115,1,25
1146,1,67,7,510,66,70,78,,,1,20
1147,1,67,7,510,95,144,113,10,109,2,20
1148,1,66,7,504,74,144,27,109,,1,19
1149,1,66,7,504,66,70,,,,2,19
1150,1,66,7,504,74,144,27,109,,3,19
1151,1,66,7,504,74,144,27,109,,4,19
1152,1,66,7,505,95,144,113,10,109,1,20
1153,1,66,7,505,95,144,113,10,109,2,20
1154,1,66,7,505,74,144,27,109,,3,20
1155,1,66,7,506,74,144,27,109,115,1,21
1156,1,66,7,506,75,144,27,109,115,2,21
1157,1,67,7,518,39,117,96,29,27,1,21
1158,1,67,7,518,16,56,111,100,162,2,21
1159,1,67,7,518,52,112,53,11,89,3,21
1160,1,67,7,507,74,144,27,109,115,1,21
1161,1,67,7,507,74,144,27,109,115,2,21
1162,1,67,7,507,75,144,27,109,115,3,21
1163,1,67,7,576,79,21,29,,,1,20
1164,1,67,7,576,79,21,29,,,2,20
1165,1,67,7,576,79,21,29,,,3,20
1166,1,66,7,519,69,165,94,122,136,1,22
1167,1,66,7,519,35,96,53,117,32,2,22
1168,1,66,7,520,16,56,111,100,162,1,19
1169,1,66,7,520,19,144,145,100,65,2,19
1170,1,66,7,520,19,144,145,100,65,3,19
1171,1,66,7,520,69,54,165,94,122,4,19
1172,1,66,7,521,52,112,53,11,89,1,20
1173,1,66,7,521,43,1,94,136,122,2,20
1174,1,66,7,521,16,56,111,100,162,3,20
1175,1,21,7,522,16,56,111,100,162,1,21
1176,1,21,7,522,17,56,111,100,162,2,21
1177,1,21,7,508,74,144,27,109,115,1,21
1178,1,21,7,508,95,144,113,10,109,2,21
1179,1,21,7,509,95,144,113,10,109,1,19
1180,1,21,7,509,75,144,27,109,,2,19
1181,1,21,7,577,104,14,53,,,1,20
1182,1,21,7,577,79,21,29,,,2,20
1183,1,19,7,563,35,96,53,117,32,1,22
1184,1,19,7,563,35,96,53,117,32,2,22
1185,1,19,7,486,58,11,107,40,74,1,24
1186,1,19,7,486,37,40,145,100,107,2,24
1187,1,19,7,674,88,96,29,,,1,22
1188,1,19,7,674,89,96,29,93,,2,22
1189,1,19,7,674,88,96,29,,,3,22
1190,1,19,7,564,29,144,112,95,145,1,23
1191,1,19,7,564,30,144,112,95,145,2,23
1192,1,19,7,675,109,144,124,,,1,26
1193,1,19,7,565,52,53,11,89,113,1,24
1194,1,19,7,565,52,53,11,89,113,2,24
1195,1,19,7,565,52,53,11,89,113,3,24
1196,1,19,7,566,16,56,111,100,162,1,19
1197,1,19,7,566,19,144,145,100,65,2,19
1198,1,19,7,566,29,74,144,61,95,3,19
1199,1,19,7,566,52,112,53,11,89,4,19
1200,1,19,7,566,25,151,53,152,100,5,19
1201,1,19,7,487,60,16,66,160,,1,22
1202,1,19,7,487,60,16,66,160,,2,22
1203,1,19,7,487,61,16,66,160,,3,22
1204,1,19,7,676,100,144,113,128,,1,20
1205,1,19,7,676,109,144,124,,,2,20
1206,1,19,7,676,100,144,113,128,,3,20
1207,1,19,7,676,81,144,,,,4,20
1208,1,76,7,616,20,144,145,100,65,1,20
1209,1,76,7,616,41,72,140,11,,2,20
1210,1,102,7,617,20,144,145,100,65,1,21
1211,1,102,7,617,20,144,145,100,65,2,21
1212,1,102,7,618,96,96,66,29,21,1,21
1213,1,102,7,618,66,70,78,,,2,21
1214,1,103,7,619,41,72,140,11,,1,17
1215,1,103,7,619,109,144,124,,,2,17
1216,1,103,7,619,88,96,29,,,3,17
1217,1,103,7,619,41,72,140,11,,4,17
1218,1,103,7,619,20,144,145,100,65,5,17
1219,1,104,7,620,66,70,78,,,1,21
1220,1,104,7,620,66,70,78,,,2,21
1221,1,104,7,621,19,144,145,100,65,1,20
1222,1,104,7,621,20,144,145,100,65,2,20
1223,1,104,7,621,96,96,66,29,21,3,20
1224,1,105,7,622,109,144,124,,,1,21
1225,1,105,7,622,41,72,140,11,20,2,21
1226,1,102,7,623,19,144,145,100,65,1,19
1227,1,102,7,623,20,144,145,100,65,2,19
1228,1,102,7,623,20,144,145,100,65,3,19
1229,1,102,7,623,19,144,145,100,65,4,19
1230,1,102,7,624,88,96,29,,,1,20
1231,1,102,7,624,109,144,124,,,2,20
1232,1,102,7,624,109,144,124,,,3,20
1233,1,105,7,625,27,112,111,121,,1,23
1234,1,105,7,625,23,165,74,95,11,2,23
1235,1,105,7,625,28,112,111,121,,3,23
1236,1,105,7,626,23,165,74,95,11,1,23
1237,1,105,7,626,27,112,111,121,,2,23
1238,1,105,7,626,24,165,74,95,11,3,23
1239,1,105,7,493,95,113,10,109,101,1,25
1240,1,105,7,493,111,61,,,,2,24
1241,1,105,7,493,115,19,101,11,,3,29
1242,1,102,7,627,88,96,29,,,1,22
1243,1,102,7,627,109,144,124,,,2,22
1244,1,7,7,567,69,165,94,122,136,1,23
1245,1,7,7,567,70,165,94,122,136,2,23
1246,1,7,7,358,43,1,94,136,122,1,21
1247,1,7,7,358,69,165,94,122,136,2,21
1248,1,7,7,358,43,1,94,136,122,3,21
1249,1,7,7,358,69,165,94,122,136,4,21
1250,1,7,7,359,69,165,94,122,136,1,24
1251,1,7,7,359,69,165,94,122,136,2,24
1252,1,7,7,523,1,53,73,158,94,1,24
1253,1,7,7,523,2,53,73,158,94,2,24
1254,1,7,7,360,102,7,66,105,,1,26
1255,1,7,7,449,70,165,94,122,136,1,24
1256,1,7,7,449,44,1,94,136,122,2,24
1257,1,7,7,449,2,53,73,158,94,3,24
1258,1,7,7,568,43,1,94,136,122,1,23
1259,1,7,7,568,44,1,94,136,122,2,23
1260,1,7,7,470,71,102,165,94,122,1,29
1261,1,7,7,470,114,22,10,,,2,24
1262,1,7,7,470,45,91,94,80,122,3,29
1263,1,82,3,596,17,56,111,100,162,1,25
1264,1,82,3,596,102,7,66,,,2,23
1265,1,82,3,596,130,11,35,74,63,3,22
1266,1,82,3,596,64,147,21,29,,4,20
1267,1,82,3,596,5,53,40,74,101,5,25
1268,1,82,2,598,17,56,111,100,162,1,25
1269,1,82,2,598,58,11,107,40,74,2,23
1270,1,82,2,598,102,7,66,,,3,22
1271,1,82,2,598,64,147,21,29,,4,20
1272,1,82,2,598,8,145,16,160,11,5,25
1273,1,82,1,597,17,56,111,100,162,1,25
1274,1,82,1,597,130,11,35,74,63,2,23
1275,1,82,1,597,58,11,107,40,,3,22
1276,1,82,1,597,64,147,21,29,,4,20
1277,1,82,1,597,2,53,73,158,94,5,25
1278,1,83,7,433,92,75,20,88,,1,23
1279,1,83,7,434,92,75,20,88,,1,22
1280,1,83,7,435,92,75,20,88,,1,24
1281,1,84,7,436,92,75,20,88,,1,23
1282,1,84,7,436,92,75,20,88,,2,23
1283,1,84,7,437,92,75,20,88,,1,22
1284,1,84,7,438,92,75,20,88,,1,24
1285,1,85,7,439,92,75,20,88,,1,22
1286,1,85,7,440,93,75,20,88,,1,23
1287,1,85,7,441,92,75,20,88,,1,24
1288,1,85,7,442,93,75,20,88,,1,22
1289,1,86,7,443,92,75,20,88,,1,22
1290,1,86,7,443,92,75,20,88,,2,22
1291,1,86,7,443,92,75,20,88,,3,22
1292,1,86,7,444,92,75,20,88,,1,24
1293,1,86,7,445,92,75,20,88,,1,24
1294,1,87,7,628,41,72,140,11,20,1,25
1295,1,87,7,628,41,72,140,11,20,2,25
1296,1,87,7,628,42,113,11,140,20,3,25
1297,1,87,7,629,109,144,124,,,1,26
1298,1,87,7,629,96,66,29,21,59,2,26
1299,1,87,7,630,41,72,140,11,20,1,23
1300,1,87,7,630,19,145,100,65,49,2,23
1301,1,87,7,630,20,144,145,100,65,3,23
1302,1,87,7,630,41,72,140,11,20,4,23
1303,1,23,7,473,118,90,145,140,,1,22
1304,1,23,7,473,60,16,66,160,,2,22
1305,1,23,7,473,118,90,145,140,,3,22
1306,1,23,7,474,72,140,165,95,160,1,24
1307,1,23,7,474,118,90,145,140,61,2,24
1308,1,23,7,475,118,90,145,140,61,1,27
1309,1,23,7,476,60,16,66,160,,1,21
1310,1,23,7,476,90,144,164,140,,2,21
1311,1,23,7,476,118,90,145,140,,3,21
1312,1,23,7,476,116,16,125,,,4,21
1313,1,23,7,609,100,113,128,115,76,1,29
1314,1,23,7,609,101,113,128,115,76,2,29
1315,1,23,7,477,129,130,144,,,1,24
1316,1,23,7,477,129,130,144,,,2,24
1317,1,23,7,541,29,61,95,49,50,1,29
1318,1,23,7,541,33,144,61,95,49,2,29
1319,1,24,7,542,118,90,145,140,61,1,28
1320,1,24,7,542,60,16,66,160,32,2,28
1321,1,24,7,542,116,16,125,74,,3,28
1322,1,24,7,387,16,111,100,162,163,1,29
1323,1,24,7,387,17,56,111,100,162,2,29
1324,1,24,7,524,16,56,111,100,162,1,24
1325,1,24,7,524,52,53,11,89,113,2,24
1326,1,24,7,524,19,145,100,65,49,3,24
1327,1,24,7,524,25,151,53,152,100,4,24
1328,1,24,7,524,52,53,11,89,113,5,24
1329,1,24,7,361,19,145,100,65,49,1,27
1330,1,24,7,361,25,53,152,100,142,2,27
1331,1,24,7,361,19,145,100,65,49,3,27
1332,1,24,7,362,35,53,117,32,85,1,29
1333,1,24,7,362,52,53,11,89,113,2,29
1334,1,24,7,525,60,16,66,160,32,1,30
1335,1,24,7,525,60,16,66,160,32,2,30
1336,1,24,7,526,16,56,111,100,162,1,27
1337,1,24,7,526,52,53,11,89,113,2,27
1338,1,24,7,526,16,56,111,100,162,3,27
1339,1,24,7,526,17,56,111,100,162,4,27
1340,1,24,7,388,16,56,111,100,162,1,26
1341,1,24,7,388,17,56,111,100,162,2,26
1342,1,24,7,388,21,53,74,50,86,3,26
1343,1,24,7,388,22,53,74,50,86,4,26
1344,1,24,7,389,21,53,74,50,86,1,25
1345,1,24,7,389,16,56,111,100,162,2,25
1346,1,24,7,389,16,56,111,100,162,3,25
1347,1,24,7,389,21,53,74,50,86,4,25
1348,1,24,7,389,21,53,74,50,86,5,25
1349,1,24,7,372,109,144,124,,,1,28
1350,1,24,7,372,109,144,124,,,2,28
1351,1,24,7,372,109,144,124,,,3,28
1352,1,25,7,390,16,56,111,100,162,1,26
1353,1,25,7,390,21,53,74,50,86,2,26
1354,1,25,7,390,16,56,111,100,162,3,26
1355,1,25,7,390,22,53,74,50,86,4,26
1356,1,25,7,391,16,111,100,162,163,1,28
1357,1,25,7,391,84,90,53,50,,2,28
1358,1,25,7,391,17,56,111,100,162,3,28
1359,1,25,7,392,17,56,111,100,162,1,29
1360,1,25,7,392,22,53,74,50,86,2,29
1361,1,25,7,393,21,53,74,50,86,1,28
1362,1,25,7,393,84,90,53,50,,2,28
1363,1,25,7,393,22,53,74,50,86,3,28
1364,1,25,7,373,109,144,124,,,1,29
1365,1,25,7,373,89,96,29,93,,2,29
1366,1,25,7,394,83,74,50,143,4,1,33
1367,1,25,7,374,109,144,124,,,1,26
1368,1,25,7,374,109,144,124,,,2,26
1369,1,25,7,374,88,96,29,,,3,26
1370,1,25,7,374,109,144,124,,,4,26
1371,1,25,7,375,109,144,124,,,1,29
1372,1,25,7,375,88,96,29,,,2,29
1373,1,25,7,376,88,96,29,,,1,28
1374,1,25,7,376,88,96,29,,,2,28
1375,1,25,7,376,109,144,124,,,3,28
1376,1,25,7,395,21,74,50,86,37,1,29
1377,1,25,7,395,22,53,74,50,86,2,29
1378,1,26,7,527,35,117,32,85,83,1,33
1379,1,26,7,528,25,53,152,100,142,1,29
1380,1,26,7,528,26,151,53,152,,2,29
1381,1,26,7,363,17,56,111,100,162,1,29
1382,1,26,7,363,40,117,29,27,32,2,29
1383,1,26,7,377,109,144,124,,,1,25
1384,1,26,7,377,109,144,124,,,2,25
1385,1,26,7,377,110,144,124,123,,3,25
1386,1,26,7,377,109,144,124,,,4,25
1387,1,26,7,377,88,96,29,,,5,25
1388,1,26,7,378,109,144,124,,,1,28
1389,1,26,7,378,88,96,29,,,2,28
1390,1,26,7,378,110,144,124,123,,3,28
1391,1,26,7,364,1,73,158,94,102,1,29
1392,1,26,7,364,2,53,73,158,94,2,29
1393,1,26,7,529,44,94,136,122,2,1,28
1394,1,26,7,529,43,94,136,122,2,2,28
1395,1,26,7,529,43,94,136,122,2,3,28
1396,1,26,7,396,85,90,53,50,,1,28
1397,1,26,7,396,84,90,53,50,,2,28
1398,1,26,7,396,84,90,53,50,,3,28
1399,1,26,7,397,17,56,111,100,162,1,26
1400,1,26,7,397,83,111,74,50,143,2,26
1401,1,26,7,397,84,90,53,50,,3,26
1402,1,26,7,397,16,56,111,100,162,4,26
1403,1,26,7,530,69,94,122,136,2,1,29
1404,1,26,7,530,43,94,136,122,2,2,29
1405,1,26,7,530,114,22,10,1,,3,29
1406,1,27,7,379,88,96,29,,,1,29
1407,1,27,7,379,109,144,124,,,2,29
1408,1,27,7,459,66,70,78,74,,1,28
1409,1,27,7,459,56,74,70,51,49,2,28
1410,1,27,7,459,66,70,78,74,,3,28
1411,1,27,7,460,56,74,70,51,49,1,29
1412,1,27,7,460,66,70,78,74,,2,29
1413,1,27,7,380,110,144,124,123,,1,33
1414,1,27,7,461,66,70,78,74,49,1,33
1415,1,27,7,381,88,96,29,,,1,26
1416,1,27,7,381,88,96,29,,,2,26
1417,1,27,7,381,88,96,29,,,3,26
1418,1,27,7,381,88,96,29,,,4,26
1419,1,28,7,462,66,70,78,74,,1,29
1420,1,28,7,462,67,70,78,74,,2,29
1421,1,28,7,463,56,74,70,51,49,1,29
1422,1,28,7,463,57,74,70,51,49,2,29
1423,1,28,7,382,110,144,124,123,,1,28
1424,1,28,7,382,109,144,124,,,2,28
1425,1,28,7,382,110,144,124,123,,3,28
1426,1,28,7,383,89,96,29,93,85,1,33
1427,1,28,7,384,100,113,128,115,76,1,29
1428,1,28,7,384,100,113,128,115,76,2,29
1429,1,28,7,464,67,70,78,74,,1,33
1430,1,28,7,465,57,74,70,51,49,1,29
1431,1,28,7,465,67,70,78,74,,2,29
1432,1,28,7,385,110,144,124,123,,1,29
1433,1,28,7,385,89,96,29,93,,2,29
1434,1,28,7,466,56,112,74,70,51,1,26
1435,1,28,7,466,56,112,74,70,51,2,26
1436,1,28,7,466,67,70,78,74,,3,26
1437,1,28,7,466,66,70,78,74,,4,26
1438,1,28,7,386,109,144,124,,,1,25
1439,1,28,7,386,110,144,124,123,,2,25
1440,1,28,7,386,109,144,124,,,3,25
1441,1,28,7,386,109,144,124,,,4,25
1442,1,28,7,386,110,144,124,123,,5,25
1443,1,29,7,398,21,74,50,86,37,1,29
1444,1,29,7,398,22,53,74,50,86,2,29
1445,1,29,7,399,21,53,74,50,86,1,26
1446,1,29,7,399,21,53,74,50,86,2,26
1447,1,29,7,399,22,53,74,50,86,3,26
1448,1,29,7,399,21,53,74,50,86,4,26
1449,1,29,7,400,85,90,53,50,37,1,34
1450,1,8,7,543,96,21,59,93,98,1,34
1451,1,8,7,543,64,21,29,97,104,2,34
1452,1,8,7,544,97,21,59,93,98,1,38
1453,1,8,7,545,96,29,21,59,93,1,31
1454,1,8,7,545,96,29,21,59,93,2,31
1455,1,8,7,545,64,21,29,97,104,3,31
1456,1,8,7,545,96,29,21,59,93,4,31
1457,1,8,7,696,24,74,95,11,52,1,33
1458,1,8,7,696,28,112,111,121,95,2,33
1459,1,8,7,696,24,74,95,11,52,3,33
1460,1,8,7,697,28,112,111,121,95,1,34
1461,1,8,7,697,24,74,95,11,52,2,34
1462,1,8,7,546,96,21,59,93,98,1,34
1463,1,8,7,546,97,29,21,59,93,2,34
1464,1,8,7,550,109,144,124,123,125,1,37
1465,1,8,7,550,89,29,93,85,123,2,39
1466,1,8,7,550,109,144,124,123,125,3,37
1467,1,8,7,550,110,124,123,154,115,4,43
1468,1,8,7,579,111,61,132,,,1,30
1469,1,8,7,579,108,140,132,29,27,2,30
1470,1,77,7,402,66,70,78,74,,1,31
1471,1,77,7,402,56,74,70,51,49,2,31
1472,1,77,7,402,57,74,70,51,49,3,31
1473,1,77,7,403,66,70,78,74,49,1,32
1474,1,77,7,403,67,70,78,74,,2,32
1475,1,77,7,404,57,74,70,51,49,1,36
1476,1,77,7,405,56,74,70,51,49,1,31
1477,1,77,7,405,56,74,70,51,49,2,31
1478,1,77,7,405,57,74,70,51,49,3,31
1479,1,77,7,406,106,31,79,110,,1,37
1480,1,77,7,406,107,19,4,43,,2,37
1481,1,97,7,631,24,74,95,11,52,1,33
1482,1,94,7,632,42,113,11,140,20,1,25
1483,1,94,7,632,41,72,140,11,20,2,25
1484,1,94,7,632,41,72,140,11,20,3,25
1485,1,94,7,632,20,144,145,100,65,4,25
1486,1,94,7,632,41,72,140,11,20,5,25
1487,1,94,7,656,81,144,128,151,,1,28
1488,1,94,7,656,100,144,113,128,115,2,28
1489,1,94,7,656,82,144,128,151,,3,28
1490,1,94,7,633,104,14,53,74,,1,29
1491,1,94,7,633,41,140,11,20,163,2,29
1492,1,94,7,657,88,96,29,,,1,26
1493,1,94,7,657,110,144,124,123,,2,26
1494,1,94,7,657,109,144,124,,,3,26
1495,1,94,7,657,110,144,124,123,,4,26
1496,1,95,7,634,20,145,100,65,49,1,28
1497,1,95,7,634,97,66,29,21,59,2,28
1498,1,95,7,634,20,145,100,65,49,3,28
1499,1,95,7,658,101,113,128,115,76,1,29
1500,1,95,7,658,110,144,124,123,,2,29
1501,1,96,7,635,23,74,95,11,52,1,28
1502,1,96,7,635,41,140,11,20,163,2,28
1503,1,96,7,635,104,14,53,74,,3,28
1504,1,96,7,636,66,70,78,74,,1,29
1505,1,96,7,636,96,29,21,59,93,2,29
1506,1,96,7,659,101,113,128,115,76,1,33
1507,1,97,7,660,97,29,21,59,93,1,33
1508,1,97,7,547,64,147,21,29,97,1,29
1509,1,97,7,547,122,21,8,76,,2,29
1510,1,97,7,661,82,144,128,151,,1,26
1511,1,97,7,661,109,144,124,,,2,26
1512,1,97,7,661,110,144,124,123,,3,26
1513,1,97,7,661,81,144,128,151,,4,26
1514,1,98,7,637,66,70,78,74,,1,29
1515,1,98,7,637,67,70,78,74,,2,29
1516,1,98,7,662,100,144,113,128,115,1,25
1517,1,98,7,662,109,144,124,,,2,25
1518,1,98,7,662,82,144,128,151,,3,25
1519,1,98,7,662,81,144,128,151,,4,25
1520,1,98,7,662,109,144,124,,,5,25
1521,1,98,7,638,41,140,11,20,163,1,28
1522,1,98,7,638,41,140,11,20,163,2,28
1523,1,98,7,638,42,113,11,140,20,3,28
1524,1,99,7,639,104,14,53,74,,1,29
1525,1,99,7,639,104,14,53,74,,2,29
1526,1,99,7,640,27,112,111,121,95,1,29
1527,1,99,7,640,28,112,111,121,95,2,29
1528,1,99,7,641,20,144,145,100,65,1,26
1529,1,99,7,641,24,165,74,95,11,2,26
1530,1,99,7,641,109,144,124,,,3,26
1531,1,99,7,641,42,113,11,140,20,4,26
1532,1,99,7,664,101,113,128,115,76,1,29
1533,1,99,7,664,89,96,29,93,,2,29
1534,1,100,7,642,20,144,145,100,65,1,26
1535,1,100,7,642,41,72,140,11,20,2,26
1536,1,100,7,642,42,113,11,140,20,3,26
1537,1,100,7,642,19,145,100,65,49,4,26
1538,1,100,7,643,110,144,124,123,,1,28
1539,1,100,7,643,42,113,11,140,20,2,28
1540,1,100,7,643,109,144,124,,,3,28
1541,1,100,7,663,88,96,29,,,1,29
1542,1,100,7,663,101,113,128,115,76,2,29
1543,1,101,7,644,42,113,11,140,20,1,28
1544,1,101,7,644,96,66,29,21,59,2,28
1545,1,101,7,644,97,66,29,21,59,3,28
1546,1,101,7,645,96,66,29,21,59,1,28
1547,1,101,7,645,88,96,29,,,2,28
1548,1,101,7,645,66,70,78,74,,3,28
1549,1,101,7,665,100,144,113,128,115,1,28
1550,1,101,7,665,109,144,124,,,2,28
1551,1,101,7,665,82,144,128,151,,3,28
1552,1,92,7,666,81,144,128,151,140,1,29
1553,1,92,7,666,109,144,124,,,2,29
1554,1,92,7,667,67,70,78,74,,1,33
1555,1,93,7,668,19,145,100,65,49,1,25
1556,1,93,7,668,19,145,100,65,49,2,25
1557,1,93,7,668,41,72,140,11,20,3,25
1558,1,93,7,668,19,145,100,65,49,4,25
1559,1,93,7,668,23,74,95,11,52,5,25
1560,1,99,3,600,18,111,100,162,163,1,37
1561,1,99,3,600,102,105,73,136,94,2,38
1562,1,99,3,600,130,11,35,74,63,3,35
1563,1,99,3,600,65,21,29,97,104,4,35
1564,1,99,3,600,6,40,74,101,121,5,40
1565,1,99,2,601,18,111,100,162,163,1,37
1566,1,99,2,601,58,107,40,74,146,2,38
1567,1,99,2,601,102,66,105,73,136,3,35
1568,1,99,2,601,65,21,29,97,104,4,35
1569,1,99,2,601,9,16,160,11,164,5,40
1570,1,99,1,599,18,111,100,162,163,1,37
1571,1,99,1,599,130,11,35,74,63,2,38
1572,1,99,1,599,58,107,40,74,146,3,35
1573,1,99,1,599,65,21,29,97,104,4,35
1574,1,99,1,599,3,73,158,94,102,5,40
1575,1,93,7,646,104,14,53,74,49,1,32
1576,1,93,7,646,96,21,59,93,98,2,32
1577,1,93,7,646,105,14,53,74,49,3,32
1578,1,93,7,494,33,61,95,49,50,1,37
1579,1,93,7,494,115,19,101,11,145,2,35
1580,1,93,7,494,111,61,132,145,,3,37
1581,1,93,7,494,31,112,145,13,95,4,41
1582,1,11,7,580,79,29,59,53,160,1,33
1583,1,11,7,580,79,29,59,53,160,2,33
1584,1,11,7,580,80,29,59,53,160,3,33
1585,1,11,7,581,122,21,8,76,32,1,34
1586,1,11,7,581,64,21,29,97,104,2,34
1587,1,11,7,582,64,21,29,97,104,1,31
1588,1,11,7,582,79,21,29,59,53,2,31
1589,1,11,7,582,122,21,8,76,32,3,31
1590,1,11,7,582,64,21,29,97,104,4,31
1591,1,11,7,446,92,75,20,88,66,1,33
1592,1,11,7,446,92,75,20,88,66,2,33
1593,1,11,7,446,93,75,20,88,66,3,33
1594,1,11,7,447,93,20,88,66,36,1,38
1595,1,11,7,448,92,75,20,88,66,1,34
1596,1,11,7,448,93,75,20,88,66,2,34
1597,1,11,7,583,80,59,53,160,164,1,38
1598,1,11,7,647,64,29,97,104,98,1,38
1599,1,11,7,647,122,21,8,76,32,2,37
1600,1,11,7,647,49,94,72,136,97,3,38
1601,1,11,7,647,65,97,104,99,105,4,43
1602,1,30,7,682,72,165,95,160,22,1,30
1603,1,30,7,682,90,164,140,18,6,2,30
1604,1,30,7,683,118,90,145,140,61,1,29
1605,1,30,7,683,116,16,125,74,,2,29
1606,1,30,7,683,120,144,160,57,104,3,29
1607,1,30,7,684,116,16,125,74,160,1,30
1608,1,30,7,684,116,16,125,74,160,2,30
1609,1,30,7,685,60,16,66,160,32,1,30
1610,1,30,7,685,61,16,66,160,32,2,30
1611,1,30,7,686,116,16,125,74,,1,27
1612,1,30,7,686,72,165,95,160,22,2,27
1613,1,30,7,686,72,165,95,160,22,3,27
1614,1,30,7,686,118,90,145,140,61,4,27
1615,1,30,7,687,118,90,145,140,61,1,29
1616,1,30,7,687,90,144,164,140,18,2,29
1617,1,30,7,687,119,90,145,140,61,3,29
1618,1,30,7,688,72,165,95,160,22,1,27
1619,1,30,7,688,72,165,95,160,22,2,27
1620,1,30,7,688,120,144,160,57,104,3,27
1621,1,30,7,688,116,16,125,74,,4,27
1622,1,30,7,688,73,165,95,160,22,5,27
1623,1,30,7,365,118,145,140,61,50,1,30
1624,1,30,7,365,119,145,140,61,50,2,30
1625,1,30,7,366,120,144,160,57,104,1,29
1626,1,30,7,366,120,144,160,57,104,2,29
1627,1,30,7,366,120,144,160,57,104,3,29
1628,1,30,7,367,60,16,66,160,32,1,27
1629,1,30,7,367,118,90,145,140,61,2,27
1630,1,30,7,367,119,90,145,140,61,3,27
1631,1,30,7,367,118,90,145,140,61,4,27
1632,1,30,7,367,60,16,66,160,32,5,27
1633,1,31,7,689,90,164,140,18,6,1,31
1634,1,31,7,689,91,164,140,18,6,2,31
1635,1,31,7,690,116,16,125,74,,1,28
1636,1,31,7,690,116,16,125,74,,2,28
1637,1,31,7,690,117,16,125,74,,3,28
1638,1,31,7,690,116,16,125,74,,4,28
1639,1,31,7,368,117,16,125,74,160,1,30
1640,1,31,7,368,116,16,125,74,160,2,30
1641,1,31,7,368,117,16,125,74,160,3,30
1642,1,31,7,369,119,145,140,61,50,1,35
1643,1,31,7,531,72,165,95,160,22,1,30
1644,1,31,7,531,116,16,125,74,160,2,30
1645,1,31,7,531,86,59,53,,,3,30
1646,1,31,7,691,120,160,57,104,142,1,35
1647,1,31,7,401,22,53,74,50,86,1,30
1648,1,31,7,401,22,53,74,50,86,2,30
1649,1,31,7,401,17,56,111,100,162,3,30
1650,1,31,7,370,90,164,140,18,6,1,30
1651,1,31,7,370,90,164,140,18,6,2,30
1652,1,31,7,370,91,164,140,18,6,3,30
1653,1,31,7,532,118,145,140,61,50,1,31
1654,1,31,7,532,119,145,140,61,50,2,31
1655,1,31,7,371,60,66,160,32,13,1,31
1656,1,31,7,371,119,145,140,61,50,2,31
1657,1,32,7,478,119,90,145,140,61,1,28
1658,1,32,7,478,118,90,145,140,61,2,28
1659,1,32,7,478,119,90,145,140,61,3,28
1660,1,32,7,478,119,90,145,140,61,4,28
1661,1,32,7,479,129,130,144,,,1,27
1662,1,32,7,479,129,130,144,,,2,27
1663,1,32,7,479,129,130,144,,,3,27
1664,1,32,7,479,129,130,144,,,4,27
1665,1,32,7,479,129,130,144,,,5,27
1666,1,32,7,479,129,130,144,,,6,27
1667,1,32,7,467,72,165,95,160,22,1,31
1668,1,32,7,467,72,165,95,160,22,2,31
1669,1,32,7,467,73,165,95,160,22,3,31
1670,1,32,7,692,117,16,125,74,160,1,33
1671,1,32,7,692,73,165,95,160,22,2,33
1672,1,32,7,480,90,164,140,18,6,1,31
1673,1,32,7,480,91,164,140,18,6,2,31
1674,1,32,7,481,119,145,140,61,50,1,33
1675,1,32,7,481,118,145,140,61,50,2,33
1676,1,32,7,693,121,144,160,57,,1,37
1677,1,32,7,694,61,16,66,160,32,1,32
1678,1,32,7,694,72,165,95,160,22,2,32
1679,1,32,7,694,117,16,125,74,160,3,32
1680,1,32,7,695,120,160,57,104,142,1,33
1681,1,32,7,695,8,16,160,11,164,2,33
1682,1,80,7,427,38,40,145,100,107,1,38
1683,1,79,7,428,4,40,74,101,121,1,34
1684,1,79,7,428,5,40,74,101,121,2,34
1685,1,80,7,669,81,144,128,151,140,1,33
1686,1,80,7,669,82,144,128,151,140,2,33
1687,1,80,7,669,100,113,128,115,76,3,33
1688,1,78,7,670,101,113,128,115,76,1,29
1689,1,78,7,670,110,144,124,123,,2,29
1690,1,81,7,429,58,107,40,74,146,1,34
1691,1,81,7,429,77,40,145,132,,2,34
1692,1,81,7,671,81,144,128,151,140,1,34
1693,1,81,7,671,101,113,128,115,76,2,34
1694,1,9,7,430,58,107,40,74,146,1,36
1695,1,9,7,430,37,100,107,20,46,2,36
1696,1,9,7,430,38,40,145,100,107,3,36
1697,1,9,7,677,37,100,107,20,46,1,36
1698,1,9,7,677,37,100,107,20,46,2,36
1699,1,9,7,677,38,40,145,100,107,3,36
1700,1,9,7,678,77,40,145,132,,1,34
1701,1,9,7,678,4,40,74,101,121,2,34
1702,1,9,7,678,37,145,100,107,20,3,34
1703,1,9,7,678,58,107,40,74,146,4,34
1704,1,9,7,431,77,145,132,53,44,1,41
1705,1,9,7,679,78,145,132,53,44,1,41
1706,1,9,7,432,37,100,107,20,46,1,37
1707,1,9,7,432,58,107,40,74,146,2,37
1708,1,9,7,680,58,107,40,74,146,1,37
1709,1,9,7,680,37,100,107,20,46,2,37
1710,1,9,7,411,58,40,74,146,4,1,42
1711,1,9,7,411,77,145,132,53,44,2,40
1712,1,9,7,411,78,145,132,53,44,3,42
1713,1,9,7,411,59,107,40,42,146,4,47
1714,1,2,7,698,24,95,11,52,113,1,39
1715,1,2,7,698,128,144,132,145,74,2,39
1716,1,2,7,407,67,70,78,74,49,1,43
1717,1,2,7,453,33,61,95,49,50,1,39
1718,1,2,7,453,34,144,61,95,148,2,39
1719,1,2,7,454,28,111,121,95,142,1,39
1720,1,2,7,454,51,53,28,111,121,2,39
1721,1,2,7,408,66,78,74,49,114,1,40
1722,1,2,7,408,67,70,78,74,49,2,40
1723,1,2,7,699,111,61,132,145,50,1,43
1724,1,2,7,455,111,61,132,145,50,1,43
1725,1,2,7,409,67,70,78,74,49,1,38
1726,1,2,7,409,66,70,78,74,49,2,38
1727,1,2,7,409,67,70,78,74,49,3,38
1728,1,2,7,495,111,132,145,50,62,1,45
1729,1,2,7,495,51,53,28,111,121,2,42
1730,1,2,7,495,31,112,145,13,95,3,44
1731,1,2,7,495,34,144,61,95,148,4,45
1732,1,2,7,495,112,132,145,45,62,5,50
1733,1,33,3,604,18,100,162,163,4,1,47
1734,1,33,3,604,111,132,145,50,62,2,45
1735,1,33,3,604,102,73,136,94,127,3,45
1736,1,33,3,604,130,11,35,74,63,4,47
1737,1,33,3,604,65,97,104,98,105,5,50
1738,1,33,3,604,6,74,101,121,46,6,53
1739,1,33,2,602,18,100,162,163,4,1,47
1740,1,33,2,602,111,132,145,50,62,2,45
1741,1,33,2,602,58,40,74,146,4,3,45
1742,1,33,2,602,102,73,136,94,127,4,47
1743,1,33,2,602,65,97,104,98,105,5,50
1744,1,33,2,602,9,11,164,118,63,6,53
1745,1,33,1,603,18,100,162,163,4,1,47
1746,1,33,1,603,111,132,145,50,62,2,45
1747,1,33,1,603,130,11,35,74,63,3,45
1748,1,33,1,603,58,40,74,146,4,4,47
1749,1,33,1,603,65,97,104,98,105,5,50
1750,1,33,1,603,3,158,94,102,54,6,53
1751,1,106,7,450,53,11,113,89,51,1,44
1752,1,106,7,450,38,40,145,100,107,2,44
1753,1,106,7,456,2,158,94,102,54,1,42
1754,1,106,7,456,8,160,11,164,118,2,42
1755,1,106,7,456,5,74,101,121,46,3,42
1756,1,106,7,456,6,40,74,101,121,4,42
1757,1,107,7,410,67,70,78,74,49,1,43
1758,1,107,7,410,66,78,74,49,114,2,43
1759,1,107,7,410,67,70,78,74,49,3,43
1760,1,107,7,548,96,59,93,98,79,1,41
1761,1,107,7,548,97,21,59,93,98,2,41
1762,1,107,7,548,64,29,97,104,98,3,41
1763,1,107,7,548,64,29,97,104,98,4,41
1764,1,107,7,700,53,11,113,89,51,1,44
1765,1,107,7,700,55,112,145,29,21,2,44
1766,1,107,7,549,122,76,32,79,138,1,48
1767,1,108,7,457,103,7,66,132,,1,43
1768,1,108,7,457,91,164,140,18,6,2,43
1769,1,108,7,457,59,107,40,74,146,3,43
1770,1,107,7,578,5,40,74,101,121,1,40
1771,1,107,7,578,131,87,13,20,67,2,40
1772,1,107,7,578,108,29,27,120,113,3,40
1773,1,108,7,451,47,136,72,131,121,1,43
1774,1,108,7,451,87,59,53,6,,2,43
1775,1,108,7,451,113,32,117,53,85,3,43
1776,1,108,7,458,99,159,55,132,25,1,43
1777,1,108,7,458,73,160,22,8,113,2,43
1778,1,108,7,458,9,160,11,164,118,3,43
1779,1,108,7,452,69,136,2,102,120,1,43
1780,1,108,7,452,70,122,136,2,102,2,43
1781,1,108,7,452,71,102,165,94,122,3,43
1782,1,10,7,570,87,53,6,106,146,1,54
1783,1,10,7,570,91,140,18,6,129,2,53
1784,1,10,7,570,80,53,160,164,5,3,54
1785,1,10,7,570,124,32,68,13,148,4,56
1786,1,10,7,570,131,13,20,12,63,5,56
1787,1,10,7,413,95,109,101,120,57,1,53
1788,1,10,7,413,107,68,150,82,24,2,55
1789,1,10,7,413,106,69,49,60,81,3,55
1790,1,10,7,413,95,109,101,120,57,4,56
1791,1,10,7,413,68,74,49,45,137,5,58
1792,1,10,7,357,94,20,88,66,36,1,56
1793,1,10,7,357,42,140,20,163,58,2,56
1794,1,10,7,357,93,20,88,66,36,3,55
1795,1,10,7,357,24,11,52,113,2,4,58
1796,1,10,7,357,94,20,88,154,36,5,60
1797,1,10,7,551,130,35,74,63,64,1,58
1798,1,10,7,551,148,4,120,35,64,2,56
1799,1,10,7,551,148,4,120,35,64,3,56
1800,1,10,7,551,142,140,11,146,64,4,60
1801,1,10,7,551,149,4,120,8,64,5,62
1802,1,10,3,606,18,162,163,119,86,1,61
1803,1,10,3,606,65,97,104,98,105,2,59
1804,1,10,3,606,112,145,50,62,74,3,61
1805,1,10,3,606,103,7,66,132,,4,61
1806,1,10,3,606,130,35,74,63,64,5,63
1807,1,10,3,606,6,101,121,42,44,6,65
1808,1,10,2,605,18,162,163,119,86,1,61
1809,1,10,2,605,65,97,104,98,105,2,59
1810,1,10,2,605,112,145,50,62,74,3,61
1811,1,10,2,605,59,107,40,74,146,4,61
1812,1,10,2,605,103,7,66,132,,5,63
1813,1,10,2,605,9,11,164,12,63,6,65
1814,1,10,1,607,18,162,163,119,86,1,61
1815,1,10,1,607,65,97,104,98,105,2,59
1816,1,10,1,607,112,145,50,62,74,3,61
1817,1,10,1,607,130,35,74,63,64,4,61
1818,1,10,1,607,59,107,40,74,146,5,63
1819,1,10,1,607,3,102,54,80,127,6,65
1820,1,15,7,569,46,112,136,72,131,1,31
1821,1,15,7,569,46,112,136,72,131,2,31
1822,1,15,7,569,47,112,136,72,131,3,31
1823,3,1,7,945,133,144,145,,,1,5
1824,3,33,7,946,21,90,53,74,,1,9
1825,3,33,7,946,133,144,145,111,,2,8
1826,3,37,7,912,29,53,144,,,1,6
1827,3,37,7,912,32,74,144,,,2,6
1828,3,37,7,770,10,144,134,,,1,7
1829,3,37,7,770,10,144,134,,,2,7
1830,3,37,7,771,11,57,,,,1,6
1831,3,37,7,771,10,144,134,,,2,6
1832,3,37,7,771,11,57,,,,3,6
1833,3,37,7,772,10,144,134,,,1,8
1834,3,37,7,772,11,57,144,134,,2,8
1835,3,37,7,773,10,144,134,,,1,10
1836,3,3,7,894,50,112,,,,1,9
1837,3,3,7,894,27,112,,,,2,9
1838,3,3,7,768,74,144,,,,1,10
1839,3,3,7,768,95,144,113,9,,2,12
1840,3,14,7,913,16,56,111,,,1,9
1841,3,14,7,913,16,56,111,,,2,9
1842,3,14,7,774,10,144,134,,,1,10
1843,3,14,7,774,13,95,134,,,2,10
1844,3,14,7,774,10,144,134,,,3,10
1845,3,14,7,1046,19,144,145,100,,1,11
1846,3,14,7,1046,23,165,74,95,,2,11
1847,3,14,7,775,13,95,134,,,1,9
1848,3,14,7,775,14,57,,,,2,9
1849,3,14,7,775,10,144,134,,,3,9
1850,3,14,7,775,11,57,,,,4,9
1851,3,14,7,1047,21,90,53,74,,1,14
1852,3,14,7,914,19,144,145,100,,1,10
1853,3,14,7,914,32,74,144,61,,2,10
1854,3,14,7,776,10,144,134,,,1,11
1855,3,14,7,776,11,57,,,,2,11
1856,3,14,7,915,39,117,96,29,,1,14
1857,3,63,7,777,13,95,134,,,1,11
1858,3,63,7,777,14,57,,,,2,11
1859,3,63,7,916,35,96,53,117,,1,14
1860,3,63,7,1017,81,144,,,,1,11
1861,3,63,7,1017,100,144,113,,,2,11
1862,3,63,7,778,10,144,134,,,1,10
1863,3,63,7,778,11,57,,,,2,10
1864,3,63,7,778,10,144,134,,,3,10
1865,3,63,7,917,43,1,,,,1,11
1866,3,63,7,917,69,158,54,,,2,11
1867,3,63,7,1048,19,144,145,100,,1,10
1868,3,63,7,1048,19,144,145,100,,2,10
1869,3,63,7,1048,41,72,140,,,3,10
1870,3,63,7,853,74,144,,,,1,10
1871,3,63,7,853,74,144,,,,2,10
1872,3,63,7,853,95,144,113,,,3,10
1873,3,65,7,963,27,112,111,,,1,11
1874,3,65,7,963,19,144,145,100,,2,11
1875,3,65,7,963,41,72,140,,,3,11
1876,3,65,7,964,41,72,140,,,1,12
1877,3,65,7,964,23,165,74,95,,2,12
1878,3,65,7,965,19,144,145,100,,1,13
1879,3,65,7,965,41,72,140,,,2,13
1880,3,65,7,1018,88,96,29,,,1,12
1881,3,65,7,1018,100,96,113,,,2,12
1882,3,65,7,1018,109,144,124,,,3,12
1883,3,65,7,868,23,165,74,95,,1,14
1884,3,65,7,868,52,112,53,11,,2,14
1885,3,65,7,868,109,144,124,,,3,14
1886,3,4,7,947,21,90,53,74,50,1,18
1887,3,4,7,947,27,112,111,,,2,15
1888,3,4,7,947,19,144,145,100,65,3,15
1889,3,4,7,947,133,144,145,111,53,4,17
1890,3,35,7,779,10,144,134,,,1,14
1891,3,35,7,779,13,95,134,,,2,14
1892,3,35,7,918,16,56,111,100,,1,14
1893,3,35,7,918,29,53,144,112,31,2,14
1894,3,35,7,1049,19,144,145,100,65,1,14
1895,3,35,7,1049,23,165,74,95,,2,14
1896,3,35,7,1049,41,72,140,,,3,14
1897,3,35,7,920,16,56,111,100,,1,16
1898,3,35,7,920,29,53,144,112,31,2,16
1899,3,35,7,895,56,112,74,78,70,1,18
1900,3,35,7,966,23,165,74,95,,1,15
1901,3,35,7,966,41,72,140,11,,2,15
1902,3,35,7,896,19,144,145,100,65,1,14
1903,3,35,7,896,23,165,74,95,,2,14
1904,3,36,7,854,66,70,,,,1,15
1905,3,36,7,854,74,144,27,,,2,15
1906,3,36,7,1050,19,144,145,100,65,1,15
1907,3,36,7,1050,21,90,53,74,50,2,15
1908,3,36,7,855,95,144,113,10,,1,17
1909,3,36,7,1051,79,21,,,,1,17
1910,3,36,7,919,32,74,144,61,31,1,15
1911,3,36,7,919,29,53,144,112,31,2,15
1912,3,36,7,856,74,144,27,,,1,13
1913,3,36,7,856,74,144,27,,,2,13
1914,3,36,7,856,66,70,,,,3,13
1915,3,36,7,856,74,144,27,,,4,13
1916,3,36,7,897,19,144,145,100,65,1,14
1917,3,36,7,897,23,165,74,95,,2,14
1918,3,36,7,1052,23,165,74,95,,1,14
1919,3,36,7,1052,27,112,111,,,2,14
1920,3,36,7,921,43,1,,,,1,13
1921,3,36,7,921,16,56,111,100,,2,13
1922,3,36,7,921,43,1,,,,3,13
1923,3,4,7,967,66,70,,,,1,17
1924,3,4,7,967,96,96,66,29,21,2,17
1925,3,4,7,1026,116,16,,,,1,16
1926,3,4,7,1026,90,144,164,,,2,16
1927,3,4,7,872,118,90,145,140,,1,19
1928,3,4,7,933,120,144,160,,,1,18
1929,3,4,7,933,121,144,160,57,17,2,21
1930,3,17,7,780,13,95,134,,,1,16
1931,3,17,7,780,10,144,134,,,2,16
1932,3,17,7,780,13,95,134,,,3,16
1933,3,17,7,898,70,158,54,165,94,1,16
1934,3,17,7,873,104,53,14,145,59,1,20
1935,3,17,7,781,12,94,136,122,140,1,20
1936,3,17,7,874,16,56,111,100,,1,16
1937,3,17,7,874,16,56,111,100,,2,16
1938,3,17,7,874,16,56,111,100,,3,16
1939,3,17,7,899,21,90,53,74,50,1,16
1940,3,17,7,899,20,144,145,100,65,2,16
1941,3,88,7,922,16,56,111,100,,1,18
1942,3,88,7,922,29,144,112,31,95,2,18
1943,3,88,7,1053,32,144,61,31,95,1,21
1944,3,88,7,845,32,144,61,31,95,1,19
1945,3,88,7,845,29,144,112,31,95,2,19
1946,3,88,7,846,58,11,107,40,,1,18
1947,3,88,7,846,58,11,107,40,,2,18
1948,3,91,7,993,90,144,164,140,,1,21
1949,3,91,7,994,116,16,,,,1,17
1950,3,91,7,994,90,144,164,,,2,17
1951,3,91,7,994,72,2,140,165,,3,17
1952,3,91,7,995,116,16,,,,1,17
1953,3,91,7,995,116,16,,,,2,17
1954,3,91,7,995,116,16,,,,3,17
1955,3,91,7,996,72,2,140,165,95,1,18
1956,3,91,7,996,120,144,160,,,2,18
1957,3,91,7,828,72,2,140,165,,1,17
1958,3,91,7,828,120,144,160,,,2,17
1959,3,91,7,828,90,144,164,,,3,17
1960,3,91,7,997,66,70,78,,,1,20
1961,3,90,7,998,66,70,,,,1,17
1962,3,90,7,998,72,2,140,165,,2,17
1963,3,90,7,999,66,70,,,,1,18
1964,3,90,7,999,90,144,164,140,,2,18
1965,3,89,7,829,118,90,145,,,1,17
1966,3,89,7,829,72,2,140,165,,2,17
1967,3,89,7,829,118,90,145,,,3,17
1968,3,89,7,847,100,144,113,128,115,1,22
1969,3,89,7,847,81,144,128,,,2,22
1970,3,89,7,848,58,11,107,,,1,17
1971,3,89,7,848,77,40,,,,2,17
1972,3,89,7,923,39,117,96,29,27,1,20
1973,3,89,7,948,21,90,53,74,50,1,19
1974,3,89,7,948,19,144,145,100,65,2,16
1975,3,89,7,948,27,112,111,121,,3,18
1976,3,89,7,948,133,144,145,111,53,4,20
1977,3,22,7,1054,23,165,74,95,11,1,21
1978,3,22,7,839,60,16,66,,,1,18
1979,3,22,7,839,116,16,,,,2,18
1980,3,22,7,1055,32,144,61,31,95,1,18
1981,3,22,7,1055,33,74,144,61,31,2,18
1982,3,22,7,1056,27,112,111,121,,1,19
1983,3,22,7,1056,41,72,140,11,,2,19
1984,3,22,7,840,69,54,165,94,122,1,18
1985,3,22,7,840,43,1,94,136,,2,18
1986,3,22,7,841,37,40,145,100,,2,18
1987,3,22,7,825,81,144,128,,,1,21
1988,3,22,7,1057,19,144,145,100,65,1,17
1989,3,22,7,1057,19,144,145,100,65,2,17
1990,3,22,7,1057,20,144,145,100,65,3,17
1991,3,22,7,842,100,144,113,128,,1,18
1992,3,22,7,842,81,144,,,,2,18
1993,3,22,7,826,81,144,,,,1,18
1994,3,22,7,826,81,144,,,,2,18
1995,3,22,7,826,82,144,128,151,,3,18
1996,3,6,7,1000,81,144,128,,,1,24
1997,3,6,7,961,100,144,113,128,,1,20
1998,3,6,7,961,100,144,113,128,,1,20
1999,3,6,7,961,100,144,113,128,,3,20
2000,3,6,7,849,100,144,113,128,115,1,22
2001,3,6,7,849,81,144,128,,,2,22
2002,3,6,7,932,26,153,82,81,53,1,28
2003,3,20,7,875,43,1,94,136,,1,18
2004,3,20,7,875,69,54,165,94,122,2,18
2005,3,20,7,875,43,1,94,136,,3,18
2006,3,20,7,875,69,54,165,94,122,4,18
2007,3,20,7,857,66,70,78,,,1,20
2008,3,20,7,857,95,144,113,10,109,2,20
2009,3,20,7,1058,27,112,111,121,45,1,24
2010,3,20,7,782,15,50,49,,,1,19
2011,3,20,7,782,15,50,49,,,2,19
2012,3,20,7,858,74,144,27,109,115,1,21
2013,3,20,7,858,95,144,113,10,109,2,21
2014,3,20,7,783,10,144,134,,,1,20
2015,3,20,7,783,13,95,134,,,2,20
2016,3,20,7,783,48,144,29,140,21,3,20
2017,3,20,7,900,19,144,145,100,65,1,19
2018,3,20,7,900,50,112,53,28,,2,19
2019,3,20,7,900,23,165,74,95,11,3,19
2020,3,20,7,900,27,112,111,121,,4,19
2021,3,20,7,859,74,144,27,109,,1,20
2022,3,20,7,859,66,70,78,,,2,20
2023,3,20,7,859,74,144,27,109,,3,20
2024,3,20,7,876,52,112,53,11,89,1,23
2025,3,21,7,877,39,117,96,29,27,1,20
2026,3,21,7,877,35,96,53,117,32,2,20
2027,3,66,7,934,104,53,14,145,59,1,23
2028,3,66,7,934,79,21,29,59,,2,23
2029,3,67,7,935,79,21,29,59,,1,25
2030,3,67,7,878,43,1,94,136,122,1,22
2031,3,67,7,878,1,53,73,158,94,2,22
2032,3,67,7,936,4,53,40,74,101,1,22
2033,3,67,7,936,104,53,14,145,59,2,22
2034,3,67,7,860,74,144,27,109,115,1,25
2035,3,67,7,867,66,70,78,,,1,20
2036,3,67,7,867,95,144,113,10,109,2,20
2037,3,66,7,861,74,144,27,109,,1,19
2038,3,66,7,861,66,70,,,,2,19
2039,3,66,7,861,74,144,27,109,,3,19
2040,3,66,7,861,74,144,27,109,,4,19
2041,3,66,7,862,95,144,113,10,109,1,20
2042,3,66,7,862,95,144,113,10,109,2,20
2043,3,66,7,862,74,144,27,109,,3,20
2044,3,66,7,863,74,144,27,109,115,1,21
2045,3,66,7,863,75,144,27,109,115,2,21
2046,3,67,7,879,39,117,96,29,27,1,21
2047,3,67,7,879,16,56,111,100,162,2,21
2048,3,67,7,879,52,112,53,11,89,3,21
2049,3,67,7,864,74,144,27,109,115,1,21
2050,3,67,7,864,74,144,27,109,115,2,21
2051,3,67,7,864,75,144,27,109,115,3,21
2052,3,67,7,937,79,21,29,,,1,20
2053,3,67,7,937,79,21,29,,,2,20
2054,3,67,7,937,79,21,29,,,3,20
2055,3,66,7,880,69,165,94,122,136,1,22
2056,3,66,7,880,35,96,53,117,32,2,22
2057,3,66,7,881,16,56,111,100,162,1,19
2058,3,66,7,881,19,144,145,100,65,2,19
2059,3,66,7,881,19,144,145,100,65,3,19
2060,3,66,7,881,69,54,165,94,122,4,19
2061,3,66,7,882,52,112,53,11,89,1,20
2062,3,66,7,882,43,1,94,136,122,2,20
2063,3,66,7,882,16,56,111,100,162,3,20
2064,3,21,7,883,16,56,111,100,162,1,21
2065,3,21,7,883,17,56,111,100,162,2,21
2066,3,21,7,865,74,144,27,109,115,1,21
2067,3,21,7,865,95,144,113,10,109,2,21
2068,3,21,7,866,95,144,113,10,109,1,19
2069,3,21,7,866,75,144,27,109,,2,19
2070,3,21,7,938,104,53,14,145,59,1,20
2071,3,21,7,938,79,21,29,,,2,20
2072,3,19,7,924,35,96,53,117,32,1,22
2073,3,19,7,924,35,96,53,117,32,2,22
2074,3,19,7,843,58,11,107,40,74,1,24
2075,3,19,7,843,37,40,145,100,107,2,24
2076,3,19,7,1019,88,96,29,,,1,22
2077,3,19,7,1019,89,96,29,93,,2,22
2078,3,19,7,1019,88,96,29,,,3,22
2079,3,19,7,925,29,112,31,95,145,1,23
2080,3,19,7,925,30,144,112,31,95,2,23
2081,3,19,7,1020,109,144,124,,,1,26
2082,3,19,7,926,52,53,11,89,113,1,24
2083,3,19,7,926,52,53,11,89,113,2,24
2084,3,19,7,926,52,53,11,89,113,3,24
2085,3,19,7,927,16,56,111,100,162,1,19
2086,3,19,7,927,19,144,145,100,65,2,19
2087,3,19,7,927,29,144,112,31,95,3,19
2088,3,19,7,927,52,112,53,11,89,4,19
2089,3,19,7,927,29,144,61,31,95,5,19
2090,3,19,7,844,60,16,66,160,,1,22
2091,3,19,7,844,60,16,66,160,,2,22
2092,3,19,7,844,61,16,66,160,,3,22
2093,3,19,7,1021,100,144,113,128,,1,20
2094,3,19,7,1021,109,144,124,,,2,20
2095,3,19,7,1021,100,144,113,128,,3,20
2096,3,19,7,1021,81,144,,,,4,20
2097,3,76,7,968,20,144,145,100,65,1,20
2098,3,76,7,968,41,72,140,11,,2,20
2099,3,102,7,969,20,144,145,100,65,1,21
2100,3,102,7,969,20,144,145,100,65,2,21
2101,3,102,7,970,96,96,66,29,21,1,21
2102,3,102,7,970,66,70,78,,,2,21
2103,3,103,7,971,41,72,140,11,,1,17
2104,3,103,7,971,109,144,124,,,2,17
2105,3,103,7,971,88,96,29,,,3,17
2106,3,103,7,971,41,72,140,11,,4,17
2107,3,103,7,971,20,144,145,100,65,5,17
2108,3,104,7,972,66,70,78,,,1,21
2109,3,104,7,972,66,70,78,,,2,21
2110,3,104,7,973,19,144,145,100,65,1,20
2111,3,104,7,973,20,144,145,100,65,2,20
2112,3,104,7,973,96,96,66,29,21,3,20
2113,3,105,7,974,109,144,124,,,1,21
2114,3,105,7,974,41,72,140,11,20,2,21
2115,3,102,7,975,19,144,145,100,65,1,19
2116,3,102,7,975,20,144,145,100,65,2,19
2117,3,102,7,975,20,144,145,100,65,3,19
2118,3,102,7,975,19,144,145,100,65,4,19
2119,3,102,7,976,88,96,29,,,1,20
2120,3,102,7,976,109,144,124,,,2,20
2121,3,102,7,976,109,144,124,,,3,20
2122,3,105,7,869,109,144,124,,,1,25
2123,3,105,7,869,52,53,11,89,113,2,25
2124,3,105,7,869,23,74,95,11,52,3,25
2125,3,105,7,850,95,113,10,109,101,1,25
2126,3,105,7,850,111,61,,,,2,24
2127,3,105,7,850,53,53,11,113,89,3,29
2128,3,102,7,977,88,96,29,,,1,22
2129,3,102,7,977,109,144,124,,,2,22
2130,3,7,7,928,69,165,94,122,136,1,23
2131,3,7,7,928,70,165,94,122,136,2,23
2132,3,7,7,714,43,1,94,136,122,1,21
2133,3,7,7,714,69,165,94,122,136,2,21
2134,3,7,7,714,43,1,94,136,122,3,21
2135,3,7,7,714,69,165,94,122,136,4,21
2136,3,7,7,715,69,165,94,122,136,1,24
2137,3,7,7,715,69,165,94,122,136,2,24
2138,3,7,7,884,1,53,73,158,94,1,24
2139,3,7,7,884,2,53,73,158,94,2,24
2140,3,7,7,716,102,7,66,105,,1,26
2141,3,7,7,806,70,165,94,122,136,1,24
2142,3,7,7,806,44,1,94,136,122,2,24
2143,3,7,7,806,2,53,73,158,94,3,24
2144,3,7,7,929,43,1,94,136,122,1,23
2145,3,7,7,929,44,1,94,136,122,2,23
2146,3,7,7,827,114,22,10,80,158,1,30
2147,3,7,7,827,70,102,122,136,2,2,32
2148,3,7,7,827,44,91,136,122,2,3,32
2149,3,82,4,951,22,53,74,50,86,1,25
2150,3,82,4,951,37,40,145,100,107,2,23
2151,3,82,4,951,81,144,128,,,3,22
2152,3,82,4,951,27,112,111,121,,4,20
2153,3,82,4,951,133,145,111,53,100,5,25
2154,3,82,5,950,22,53,74,50,86,1,25
2155,3,82,5,950,90,144,164,140,18,2,23
2156,3,82,5,950,37,40,145,100,107,3,22
2157,3,82,5,950,27,112,111,121,,4,20
2158,3,82,5,950,133,145,111,53,100,5,25
2159,3,82,6,949,22,53,74,50,86,1,25
2160,3,82,6,949,81,144,128,,,2,23
2161,3,82,6,949,90,144,164,140,,3,22
2162,3,82,6,949,27,112,111,121,,4,20
2163,3,82,6,949,133,145,111,53,100,5,25
2164,3,83,7,790,92,75,20,88,,1,23
2165,3,83,7,791,92,75,20,88,,1,22
2166,3,83,7,792,92,75,20,88,,1,24
2167,3,84,7,793,92,75,20,88,,1,23
2168,3,84,7,793,92,75,20,88,,2,23
2169,3,84,7,794,92,75,20,88,,1,22
2170,3,84,7,795,92,75,20,88,,1,24
2171,3,85,7,796,92,75,20,88,,1,22
2172,3,85,7,797,93,75,20,88,,1,23
2173,3,85,7,798,92,75,20,88,,1,24
2174,3,85,7,799,93,75,20,88,,1,22
2175,3,86,7,800,92,75,20,88,,1,22
2176,3,86,7,800,92,75,20,88,,2,22
2177,3,86,7,800,92,75,20,88,,3,22
2178,3,86,7,801,92,75,20,88,,1,24
2179,3,86,7,802,92,75,20,88,,1,24
2180,3,87,7,870,52,53,11,89,113,1,27
2181,3,87,7,870,24,74,95,11,52,2,27
2182,3,87,7,870,110,144,124,123,,3,27
2183,3,23,7,830,118,90,145,140,,1,22
2184,3,23,7,830,60,16,66,160,,2,22
2185,3,23,7,830,118,90,145,140,,3,22
2186,3,23,7,831,72,140,165,95,160,1,24
2187,3,23,7,831,118,90,145,140,61,2,24
2188,3,23,7,832,118,90,145,140,61,1,27
2189,3,23,7,833,60,16,66,160,,1,21
2190,3,23,7,833,90,144,164,140,,2,21
2191,3,23,7,833,118,90,145,140,,3,21
2192,3,23,7,833,116,16,125,,,4,21
2193,3,23,7,962,100,113,128,115,76,1,29
2194,3,23,7,962,101,113,128,115,76,2,29
2195,3,23,7,834,129,130,144,,,1,24
2196,3,23,7,834,129,130,144,,,2,24
2197,3,23,7,901,29,61,31,95,49,1,29
2198,3,23,7,901,33,61,31,95,49,2,29
2199,3,24,7,902,118,90,145,140,61,1,28
2200,3,24,7,902,60,16,66,160,32,2,28
2201,3,24,7,902,116,16,125,74,,3,28
2202,3,24,7,743,16,111,100,162,163,1,29
2203,3,24,7,743,17,56,111,100,162,2,29
2204,3,24,7,885,16,56,111,100,162,1,24
2205,3,24,7,885,52,53,11,89,113,2,24
2206,3,24,7,885,19,145,100,65,49,3,24
2207,3,24,7,885,16,56,111,100,162,4,24
2208,3,24,7,885,52,53,11,89,113,5,24
2209,3,24,7,717,19,145,100,65,49,1,27
2210,3,24,7,717,37,40,145,100,107,2,27
2211,3,24,7,717,19,145,100,65,49,3,27
2212,3,24,7,718,35,53,117,32,85,1,29
2213,3,24,7,718,52,53,11,89,113,2,29
2214,3,24,7,886,60,16,66,160,32,1,30
2215,3,24,7,886,60,16,66,160,32,2,30
2216,3,24,7,887,16,56,111,100,162,1,27
2217,3,24,7,887,52,53,11,89,113,2,27
2218,3,24,7,887,16,56,111,100,162,3,27
2219,3,24,7,887,17,56,111,100,162,4,27
2220,3,24,7,744,16,56,111,100,162,1,26
2221,3,24,7,744,17,56,111,100,162,2,26
2222,3,24,7,744,21,53,74,50,86,3,26
2223,3,24,7,744,22,53,74,50,86,4,26
2224,3,24,7,745,21,53,74,50,86,1,25
2225,3,24,7,745,16,56,111,100,162,2,25
2226,3,24,7,745,16,56,111,100,162,3,25
2227,3,24,7,745,21,53,74,50,86,4,25
2228,3,24,7,745,21,53,74,50,86,5,25
2229,3,24,7,728,109,144,124,,,1,28
2230,3,24,7,728,109,144,124,,,2,28
2231,3,24,7,728,109,144,124,,,3,28
2232,3,25,7,746,16,56,111,100,162,1,26
2233,3,25,7,746,21,53,74,50,86,2,26
2234,3,25,7,746,16,56,111,100,162,3,26
2235,3,25,7,746,22,53,74,50,86,4,26
2236,3,25,7,747,16,111,100,162,163,1,28
2237,3,25,7,747,84,90,53,50,,2,28
2238,3,25,7,747,17,56,111,100,162,3,28
2239,3,25,7,748,17,56,111,100,162,1,29
2240,3,25,7,748,22,53,74,50,86,2,29
2241,3,25,7,749,21,53,74,50,86,1,28
2242,3,25,7,749,84,90,53,50,,2,28
2243,3,25,7,749,22,53,74,50,86,3,28
2244,3,25,7,729,109,144,124,,,1,29
2245,3,25,7,729,89,96,29,93,,2,29
2246,3,25,7,750,83,74,50,143,4,1,33
2247,3,25,7,730,109,144,124,,,1,26
2248,3,25,7,730,109,144,124,,,2,26
2249,3,25,7,730,88,96,29,,,3,26
2250,3,25,7,730,109,144,124,,,4,26
2251,3,25,7,731,109,144,124,,,1,29
2252,3,25,7,731,88,96,29,,,2,29
2253,3,25,7,732,88,96,29,,,1,28
2254,3,25,7,732,88,96,29,,,2,28
2255,3,25,7,732,109,144,124,,,3,28
2256,3,25,7,751,21,74,50,86,37,1,29
2257,3,25,7,751,22,53,74,50,86,2,29
2258,3,26,7,888,35,117,32,85,83,1,33
2259,3,26,7,889,16,111,100,162,163,1,29
2260,3,26,7,889,17,56,111,100,162,2,29
2261,3,26,7,719,17,56,111,100,162,1,29
2262,3,26,7,719,40,117,29,27,32,2,29
2263,3,26,7,733,109,144,124,,,1,25
2264,3,26,7,733,109,144,124,,,2,25
2265,3,26,7,733,110,144,124,123,,3,25
2266,3,26,7,733,109,144,124,,,4,25
2267,3,26,7,733,88,96,29,,,5,25
2268,3,26,7,734,109,144,124,,,1,28
2269,3,26,7,734,88,96,29,,,2,28
2270,3,26,7,734,110,144,124,123,,3,28
2271,3,26,7,720,1,73,158,94,102,1,29
2272,3,26,7,720,2,53,73,158,94,2,29
2273,3,26,7,890,44,94,136,122,2,1,28
2274,3,26,7,890,43,94,136,122,2,2,28
2275,3,26,7,890,43,94,136,122,2,3,28
2276,3,26,7,752,85,90,53,50,,1,28
2277,3,26,7,752,84,90,53,50,,2,28
2278,3,26,7,752,84,90,53,50,,3,28
2279,3,26,7,753,17,56,111,100,162,1,26
2280,3,26,7,753,83,111,74,50,143,2,26
2281,3,26,7,753,84,90,53,50,,3,26
2282,3,26,7,753,16,56,111,100,162,4,26
2283,3,26,7,891,69,94,122,136,2,1,29
2284,3,26,7,891,43,94,136,122,2,2,29
2285,3,26,7,891,114,22,10,1,158,3,29
2286,3,27,7,735,88,96,29,,,1,29
2287,3,27,7,735,109,144,124,,,2,29
2288,3,27,7,816,66,70,78,74,,1,28
2289,3,27,7,816,56,78,70,51,49,2,28
2290,3,27,7,816,66,70,78,74,,3,28
2291,3,27,7,817,56,78,70,51,49,1,29
2292,3,27,7,817,66,70,78,74,,2,29
2293,3,27,7,736,110,144,124,123,,1,33
2294,3,27,7,818,66,70,78,74,49,1,33
2295,3,27,7,737,88,96,29,,,1,26
2296,3,27,7,737,88,96,29,,,2,26
2297,3,27,7,737,88,96,29,,,3,26
2298,3,27,7,737,88,96,29,,,4,26
2299,3,28,7,819,66,70,78,74,,1,29
2300,3,28,7,819,67,70,78,74,,2,29
2301,3,28,7,820,56,78,70,51,49,1,29
2302,3,28,7,820,57,70,51,49,101,2,29
2303,3,28,7,738,110,144,124,123,,1,28
2304,3,28,7,738,109,144,124,,,2,28
2305,3,28,7,738,110,144,124,123,,3,28
2306,3,28,7,739,89,96,29,93,85,1,33
2307,3,28,7,740,100,113,128,115,76,1,29
2308,3,28,7,740,100,113,128,115,76,2,29
2309,3,28,7,821,67,70,78,74,,1,33
2310,3,28,7,822,57,70,51,49,101,1,29
2311,3,28,7,822,67,70,78,74,,2,29
2312,3,28,7,741,110,144,124,123,,1,29
2313,3,28,7,741,89,96,29,93,,2,29
2314,3,28,7,823,56,74,78,70,51,1,26
2315,3,28,7,823,56,74,78,70,51,2,26
2316,3,28,7,823,67,70,78,74,,3,26
2317,3,28,7,823,66,70,78,74,,4,26
2318,3,28,7,742,109,144,124,,,1,25
2319,3,28,7,742,110,144,124,123,,2,25
2320,3,28,7,742,109,144,124,,,3,25
2321,3,28,7,742,109,144,124,,,4,25
2322,3,28,7,742,110,144,124,123,,5,25
2323,3,29,7,754,21,74,50,86,37,1,29
2324,3,29,7,754,22,53,74,50,86,2,29
2325,3,29,7,755,21,53,74,50,86,1,26
2326,3,29,7,755,21,53,74,50,86,2,26
2327,3,29,7,755,22,53,74,50,86,3,26
2328,3,29,7,755,21,53,74,50,86,4,26
2329,3,29,7,756,85,90,53,50,37,1,34
2330,3,8,7,903,96,21,59,93,98,1,34
2331,3,8,7,903,64,21,29,97,104,2,34
2332,3,8,7,904,97,21,59,93,98,1,38
2333,3,8,7,905,96,29,21,59,93,1,31
2334,3,8,7,905,96,29,21,59,93,2,31
2335,3,8,7,905,64,21,29,97,104,3,31
2336,3,8,7,905,96,29,21,59,93,4,31
2337,3,8,7,1041,24,74,95,11,52,1,33
2338,3,8,7,1041,28,112,111,121,95,2,33
2339,3,8,7,1041,24,74,95,11,52,3,33
2340,3,8,7,1042,28,112,111,121,95,1,34
2341,3,8,7,1042,24,74,95,11,52,2,34
2342,3,8,7,906,96,21,59,93,98,1,34
2343,3,8,7,906,97,29,21,59,93,2,34
2344,3,8,7,910,48,154,144,122,98,1,44
2345,3,8,7,910,48,154,97,140,98,2,46
2346,3,8,7,910,48,154,34,122,98,3,48
2347,3,8,7,910,49,72,33,98,154,4,50
2348,3,8,7,940,111,61,132,,,1,30
2349,3,8,7,940,108,140,132,29,27,2,30
2350,3,77,7,758,66,70,78,74,,1,31
2351,3,77,7,758,56,78,70,51,49,2,31
2352,3,77,7,758,57,70,51,49,101,3,31
2353,3,77,7,759,66,70,78,74,49,1,32
2354,3,77,7,759,67,70,78,74,,2,32
2355,3,77,7,760,57,70,51,49,101,1,36
2356,3,77,7,761,56,78,70,51,49,1,31
2357,3,77,7,761,56,78,70,51,49,2,31
2358,3,77,7,761,57,70,51,49,101,3,31
2359,3,77,7,762,106,31,79,110,,1,37
2360,3,77,7,762,107,19,4,43,,2,37
2361,3,97,7,978,24,74,95,11,52,1,33
2362,3,94,7,979,42,113,11,140,20,1,25
2363,3,94,7,979,41,72,140,11,20,2,25
2364,3,94,7,979,41,72,140,11,20,3,25
2365,3,94,7,979,20,144,145,100,65,4,25
2366,3,94,7,979,41,72,140,11,20,5,25
2367,3,94,7,1001,81,144,128,151,,1,28
2368,3,94,7,1001,100,144,113,128,115,2,28
2369,3,94,7,1001,82,144,128,151,,3,28
2370,3,94,7,980,104,14,145,59,74,1,29
2371,3,94,7,980,41,140,11,20,163,2,29
2372,3,94,7,1002,88,96,29,,,1,26
2373,3,94,7,1002,110,144,124,123,,2,26
2374,3,94,7,1002,109,144,124,,,3,26
2375,3,94,7,1002,110,144,124,123,,4,26
2376,3,95,7,981,20,145,100,65,49,1,28
2377,3,95,7,981,97,66,29,21,59,2,28
2378,3,95,7,981,20,145,100,65,49,3,28
2379,3,95,7,1003,101,113,128,115,76,1,29
2380,3,95,7,1003,110,144,124,123,,2,29
2381,3,96,7,982,23,74,95,11,52,1,28
2382,3,96,7,982,41,140,11,20,163,2,28
2383,3,96,7,982,104,14,145,59,74,3,28
2384,3,96,7,984,66,70,78,74,,1,29
2385,3,96,7,984,96,29,21,59,93,2,29
2386,3,96,7,1004,101,113,128,115,76,1,33
2387,3,97,7,1005,97,29,21,59,93,1,33
2388,3,97,7,907,64,71,21,29,97,1,29
2389,3,97,7,907,122,21,8,76,,2,29
2390,3,97,7,1006,82,144,128,151,,1,26
2391,3,97,7,1006,109,144,124,,,2,26
2392,3,97,7,1006,110,144,124,123,,3,26
2393,3,97,7,1006,81,144,128,151,,4,26
2394,3,98,7,983,66,70,78,74,,1,29
2395,3,98,7,983,67,70,78,74,,2,29
2396,3,98,7,1007,100,144,113,128,115,1,25
2397,3,98,7,1007,109,144,124,,,2,25
2398,3,98,7,1007,82,144,128,151,,3,25
2399,3,98,7,1007,81,144,128,151,,4,25
2400,3,98,7,1007,109,144,124,,,5,25
2401,3,98,7,985,41,140,11,20,163,1,28
2402,3,98,7,985,41,140,11,20,163,2,28
2403,3,98,7,985,42,113,11,140,20,3,28
2404,3,99,7,986,104,14,145,59,74,1,29
2405,3,99,7,986,104,14,145,59,74,2,29
2406,3,99,7,987,27,112,111,121,95,1,29
2407,3,99,7,987,28,112,111,121,95,2,29
2408,3,99,7,987,20,144,145,100,65,1,26
2409,3,99,7,987,24,165,74,95,11,2,26
2410,3,99,7,987,109,144,124,,,3,26
2411,3,99,7,987,42,113,11,140,20,4,26
2412,3,99,7,1009,101,113,128,115,76,1,29
2413,3,99,7,1009,89,96,29,93,,2,29
2414,3,100,7,988,20,144,145,100,65,1,26
2415,3,100,7,988,41,72,140,11,20,2,26
2416,3,100,7,988,42,113,11,140,20,3,26
2417,3,100,7,988,19,145,100,65,49,4,26
2418,3,100,7,989,110,144,124,123,,1,28
2419,3,100,7,989,42,113,11,140,20,2,28
2420,3,100,7,989,109,144,124,,,3,28
2421,3,100,7,1008,88,96,29,,,1,29
2422,3,100,7,1008,101,113,128,115,76,2,29
2423,3,101,7,990,42,113,11,140,20,1,28
2424,3,101,7,990,96,66,29,21,59,2,28
2425,3,101,7,990,97,66,29,21,59,3,28
2426,3,101,7,991,96,66,29,21,59,1,28
2427,3,101,7,991,88,96,29,,,2,28
2428,3,101,7,991,66,70,78,74,,3,28
2429,3,101,7,1010,100,144,113,128,115,1,28
2430,3,101,7,1010,109,144,124,,,2,28
2431,3,101,7,1010,82,144,128,151,,3,28
2432,3,92,7,1011,81,144,128,151,140,1,29
2433,3,92,7,1011,109,144,124,,,2,29
2434,3,92,7,1012,67,70,78,74,,1,33
2435,3,93,7,1013,19,145,100,65,49,1,25
2436,3,93,7,1013,19,145,100,65,49,2,25
2437,3,93,7,1013,41,72,140,11,20,3,25
2438,3,93,7,1013,19,145,100,65,49,4,25
2439,3,93,7,1013,23,74,95,11,52,5,25
2440,3,99,4,954,28,111,121,95,142,1,38
2441,3,99,4,954,82,144,128,151,140,2,35
2442,3,99,4,954,38,40,145,100,107,3,37
2443,3,99,4,954,64,21,29,97,104,4,35
2444,3,99,4,954,134,160,111,11,6,5,40
2445,3,99,5,953,28,111,121,95,142,1,38
2446,3,99,5,953,38,40,145,100,107,2,35
2447,3,99,5,953,91,164,140,18,6,3,37
2448,3,99,5,953,64,21,29,97,104,4,35
2449,3,99,5,953,135,151,111,31,92,5,40
2450,3,99,6,952,28,111,121,95,142,1,38
2451,3,99,6,952,91,164,140,18,6,2,35
2452,3,99,6,952,82,144,128,151,140,3,37
2453,3,99,6,952,64,21,29,97,104,4,35
2454,3,99,6,952,136,40,111,11,44,5,40
2455,3,93,7,871,110,144,124,123,,1,31
2456,3,93,7,871,24,74,95,11,52,2,31
2457,3,93,7,871,52,53,11,89,113,3,31
2458,3,93,7,851,33,31,95,49,50,1,37
2459,3,93,7,851,53,53,11,113,89,2,35
2460,3,93,7,851,111,61,132,145,,3,37
2461,3,93,7,851,31,112,145,13,31,4,41
2462,3,11,7,941,79,29,59,53,160,1,33
2463,3,11,7,941,79,29,59,53,160,2,33
2464,3,11,7,941,80,29,59,53,160,3,33
2465,3,11,7,942,122,21,8,76,32,1,34
2466,3,11,7,942,64,21,29,97,104,2,34
2467,3,11,7,943,64,21,29,97,104,1,31
2468,3,11,7,943,79,21,29,59,53,2,31
2469,3,11,7,943,122,21,8,76,32,3,31
2470,3,11,7,943,64,21,29,97,104,4,31
2471,3,11,7,803,92,75,20,88,66,1,33
2472,3,11,7,803,92,75,20,88,66,2,33
2473,3,11,7,803,93,75,20,88,66,3,33
2474,3,11,7,804,93,20,88,66,36,1,38
2475,3,11,7,805,92,75,20,88,66,1,34
2476,3,11,7,805,93,75,20,88,66,2,34
2477,3,11,7,944,80,59,53,160,164,1,38
2478,3,11,7,992,63,47,,,,1,50
2479,3,11,7,992,64,71,104,98,99,2,50
2480,3,11,7,992,65,99,104,98,105,3,50
2481,3,30,7,1027,72,165,95,160,22,1,30
2482,3,30,7,1027,90,164,140,18,6,2,30
2483,3,30,7,1028,118,90,145,140,61,1,29
2484,3,30,7,1028,116,16,125,74,,2,29
2485,3,30,7,1028,120,144,160,57,104,3,29
2486,3,30,7,1029,116,16,125,74,160,1,30
2487,3,30,7,1029,116,16,125,74,160,2,30
2488,3,30,7,1030,60,16,66,160,32,1,30
2489,3,30,7,1030,61,16,66,160,32,2,30
2490,3,30,7,1031,116,16,125,74,,1,27
2491,3,30,7,1031,72,165,95,160,22,2,27
2492,3,30,7,1031,72,165,95,160,22,3,27
2493,3,30,7,1031,118,90,145,140,61,4,27
2494,3,30,7,1032,118,90,145,140,61,1,29
2495,3,30,7,1032,90,144,164,140,18,2,29
2496,3,30,7,1032,119,90,145,140,61,3,29
2497,3,30,7,1033,72,165,95,160,22,1,27
2498,3,30,7,1033,72,165,95,160,22,2,27
2499,3,30,7,1033,120,144,160,57,104,3,27
2500,3,30,7,1033,116,16,125,74,,4,27
2501,3,30,7,1033,73,165,95,160,22,5,27
2502,3,30,7,721,118,145,140,61,50,1,30
2503,3,30,7,721,119,145,140,61,50,2,30
2504,3,30,7,722,120,144,160,57,104,1,29
2505,3,30,7,722,120,144,160,57,104,2,29
2506,3,30,7,722,120,144,160,57,104,3,29
2507,3,30,7,723,60,16,66,160,32,1,27
2508,3,30,7,723,118,90,145,140,61,2,27
2509,3,30,7,723,119,90,145,140,61,3,27
2510,3,30,7,723,118,90,145,140,61,4,27
2511,3,30,7,723,60,16,66,160,32,5,27
2512,3,31,7,1034,90,164,140,18,6,1,31
2513,3,31,7,1034,91,164,140,18,6,2,31
2514,3,31,7,1035,116,16,125,74,,1,28
2515,3,31,7,1035,116,16,125,74,,2,28
2516,3,31,7,1035,117,16,125,74,,3,28
2517,3,31,7,1035,116,16,125,74,,4,28
2518,3,31,7,724,117,16,125,74,160,1,30
2519,3,31,7,724,116,16,125,74,160,2,30
2520,3,31,7,724,117,16,125,74,160,3,30
2521,3,31,7,725,119,145,140,61,50,1,35
2522,3,31,7,892,72,165,95,160,22,1,30
2523,3,31,7,892,116,16,125,74,160,2,30
2524,3,31,7,892,86,59,53,,,3,30
2525,3,31,7,1036,120,160,57,104,142,1,35
2526,3,31,7,757,22,53,74,50,86,1,30
2527,3,31,7,757,22,53,74,50,86,2,30
2528,3,31,7,757,17,56,111,100,162,3,30
2529,3,31,7,726,90,164,140,18,6,1,30
2530,3,31,7,726,90,164,140,18,6,2,30
2531,3,31,7,726,91,164,140,18,6,3,30
2532,3,31,7,893,118,145,140,61,50,1,31
2533,3,31,7,893,119,145,140,61,50,2,31
2534,3,31,7,727,60,66,160,32,13,1,31
2535,3,31,7,727,119,145,140,61,50,2,31
2536,3,32,7,835,119,90,145,140,61,1,28
2537,3,32,7,835,118,90,145,140,61,2,28
2538,3,32,7,835,119,90,145,140,61,3,28
2539,3,32,7,835,119,90,145,140,61,4,28
2540,3,32,7,836,129,130,144,,,1,27
2541,3,32,7,836,129,130,144,,,2,27
2542,3,32,7,836,129,130,144,,,3,27
2543,3,32,7,836,129,130,144,,,4,27
2544,3,32,7,836,129,130,144,,,5,27
2545,3,32,7,836,129,130,144,,,6,27
2546,3,32,7,824,72,165,95,160,22,1,31
2547,3,32,7,824,72,165,95,160,22,2,31
2548,3,32,7,824,73,165,95,160,22,3,31
2549,3,32,7,1037,117,16,125,74,160,1,33
2550,3,32,7,1037,73,165,95,160,22,2,33
2551,3,32,7,837,90,164,140,18,6,1,31
2552,3,32,7,837,91,164,140,18,6,2,31
2553,3,32,7,838,119,145,140,61,50,1,33
2554,3,32,7,838,118,145,140,61,50,2,33
2555,3,32,7,1038,121,144,160,57,,1,37
2556,3,32,7,1039,61,16,66,160,32,1,32
2557,3,32,7,1039,72,165,95,160,22,2,32
2558,3,32,7,1039,117,16,125,74,160,3,32
2559,3,32,7,1040,120,160,57,104,142,1,33
2560,3,32,7,1040,8,16,160,11,164,2,33
2561,3,80,7,784,38,40,145,100,107,1,38
2562,3,79,7,785,4,40,74,101,121,1,34
2563,3,79,7,785,5,40,74,101,121,2,34
2564,3,80,7,1014,81,144,128,151,140,1,33
2565,3,80,7,1014,82,144,128,151,140,2,33
2566,3,80,7,1014,100,113,128,115,76,3,33
2567,3,78,7,1015,101,113,128,115,76,1,29
2568,3,78,7,1015,110,144,124,123,,2,29
2569,3,81,7,786,58,107,40,74,146,1,34
2570,3,81,7,786,77,40,145,132,,2,34
2571,3,81,7,1016,81,144,128,151,140,1,34
2572,3,81,7,1016,101,113,128,115,76,2,34
2573,3,9,7,787,58,107,40,74,146,1,36
2574,3,9,7,787,37,100,107,20,46,2,36
2575,3,9,7,787,38,40,145,100,107,3,36
2576,3,9,7,1022,37,100,107,20,46,1,36
2577,3,9,7,1022,37,100,107,20,46,2,36
2578,3,9,7,1022,38,40,145,100,107,3,36
2579,3,9,7,1023,77,40,145,132,,1,34
2580,3,9,7,1023,4,40,74,101,121,2,34
2581,3,9,7,1023,37,145,100,107,20,3,34
2582,3,9,7,1023,58,107,40,74,146,4,34
2583,3,9,7,788,77,145,132,53,44,1,41
2584,3,9,7,1024,78,145,132,53,44,1,41
2585,3,9,7,789,37,100,107,20,46,1,37
2586,3,9,7,789,58,107,40,74,146,2,37
2587,3,9,7,1025,58,107,40,74,146,1,37
2588,3,9,7,1025,37,100,107,20,46,2,37
2589,3,9,7,767,38,46,145,100,20,1,48
2590,3,9,7,767,78,132,53,44,146,2,50
2591,3,9,7,767,59,46,42,105,146,3,54
2592,3,2,7,1043,24,95,11,52,113,1,39
2593,3,2,7,1043,128,144,132,145,74,2,39
2594,3,2,7,763,67,70,78,74,49,1,43
2595,3,2,7,810,33,31,95,49,50,1,39
2596,3,2,7,810,34,61,95,148,31,2,39
2597,3,2,7,811,28,111,121,95,142,1,39
2598,3,2,7,811,51,53,28,111,121,2,39
2599,3,2,7,764,66,78,74,49,114,1,40
2600,3,2,7,764,67,70,78,74,49,2,40
2601,3,2,7,1044,111,61,132,145,50,1,43
2602,3,2,7,812,111,61,132,145,50,1,43
2603,3,2,7,765,67,70,78,74,49,1,38
2604,3,2,7,765,66,70,78,74,49,2,38
2605,3,2,7,765,67,70,78,74,49,3,38
2606,3,2,7,852,51,28,111,45,38,1,50
2607,3,2,7,852,53,113,33,51,121,2,53
2608,3,2,7,852,31,38,145,149,31,3,53
2609,3,2,7,852,34,38,74,149,31,4,55
2610,3,2,7,852,112,108,50,62,38,5,55
2611,3,33,4,955,28,121,95,142,51,1,47
2612,3,33,4,955,102,73,136,94,127,2,45
2613,3,33,4,955,82,128,151,140,152,3,45
2614,3,33,4,955,38,40,145,100,107,4,47
2615,3,33,4,955,64,97,104,98,105,5,50
2616,3,33,4,955,134,58,87,3,63,6,53
2617,3,33,5,957,28,121,95,142,51,1,47
2618,3,33,5,957,102,73,136,94,127,2,45
2619,3,33,5,957,38,40,145,100,107,3,45
2620,3,33,5,957,91,164,140,18,6,4,47
2621,3,33,5,957,64,97,104,98,105,5,50
2622,3,33,5,957,135,92,152,4,149,6,53
2623,3,33,6,956,28,121,95,142,51,1,47
2624,3,33,6,956,102,73,136,94,127,2,45
2625,3,33,6,956,91,164,140,18,6,3,45
2626,3,33,6,956,82,151,140,152,142,4,47
2627,3,33,6,956,64,97,104,98,105,5,50
2628,3,33,6,956,136,44,124,74,46,6,53
2629,3,106,7,807,53,11,113,89,51,1,44
2630,3,106,7,807,38,40,145,100,107,2,44
2631,3,106,7,813,2,158,94,102,54,1,42
2632,3,106,7,813,8,160,11,164,118,2,42
2633,3,106,7,813,5,74,101,121,46,3,42
2634,3,106,7,813,6,40,74,101,121,4,42
2635,3,107,7,766,67,70,78,74,49,1,43
2636,3,107,7,766,66,78,74,49,114,2,43
2637,3,107,7,766,67,70,78,74,49,3,43
2638,3,107,7,908,96,59,93,98,79,1,41
2639,3,107,7,908,97,21,59,93,98,2,41
2640,3,107,7,908,64,29,97,104,98,3,41
2641,3,107,7,908,64,29,97,104,98,4,41
2642,3,107,7,1045,53,11,113,89,51,1,44
2643,3,107,7,1045,55,112,145,29,21,2,44
2644,3,107,7,909,122,76,32,79,138,1,48
2645,3,108,7,814,103,7,66,132,,1,43
2646,3,108,7,814,91,164,140,18,6,2,43
2647,3,108,7,814,59,107,40,74,146,3,43
2648,3,107,7,939,5,40,74,101,121,1,40
2649,3,107,7,939,131,87,13,20,67,2,40
2650,3,107,7,939,108,29,27,120,113,3,40
2651,3,108,7,808,47,136,72,131,121,1,43
2652,3,108,7,808,87,59,53,6,,2,43
2653,3,108,7,808,113,32,117,53,85,3,43
2654,3,108,7,815,99,159,55,132,25,1,43
2655,3,108,7,815,73,160,22,8,113,2,43
2656,3,108,7,815,9,160,11,164,118,3,43
2657,3,108,7,809,69,136,2,102,120,1,43
2658,3,108,7,809,70,122,136,2,102,2,43
2659,3,108,7,809,71,102,165,94,122,3,43
2660,3,10,7,931,87,17,6,106,146,1,54
2661,3,10,7,931,91,140,18,67,129,2,53
2662,3,10,7,931,80,98,141,164,5,3,54
2663,3,10,7,931,124,32,68,77,148,4,56
2664,3,10,7,931,131,13,20,12,63,5,56
2665,3,10,7,769,95,108,113,120,28,1,53
2666,3,10,7,769,107,68,150,43,33,2,55
2667,3,10,7,769,106,31,81,60,33,3,55
2668,3,10,7,769,95,108,113,120,38,4,56
2669,3,10,7,769,68,74,70,133,137,5,58
2670,3,10,7,713,94,20,138,75,80,1,56
2671,3,10,7,713,42,140,154,163,72,2,56
2672,3,10,7,713,93,20,75,66,36,3,55
2673,3,10,7,713,24,165,52,113,2,4,58
2674,3,10,7,713,94,20,98,66,36,5,60
2675,3,10,7,911,130,35,74,63,64,1,58
2676,3,10,7,911,148,152,120,153,64,2,56
2677,3,10,7,911,148,17,165,67,64,3,56
2678,3,10,7,911,142,163,142,48,64,4,60
2679,3,10,7,911,149,12,42,149,64,5,62
2680,3,10,4,960,28,121,95,38,51,1,61
2681,3,10,4,960,65,97,104,98,71,2,59
2682,3,10,4,960,103,7,66,132,73,3,61
2683,3,10,4,960,38,20,145,100,44,4,61
2684,3,10,4,960,82,153,152,142,113,5,63
2685,3,10,4,960,134,6,87,100,63,6,65
2686,3,10,5,958,28,121,95,38,51,1,61
2687,3,10,5,958,65,97,104,98,71,2,59
2688,3,10,5,958,103,7,66,132,73,3,61
2689,3,10,5,958,91,67,18,6,129,4,61
2690,3,10,5,958,38,20,145,100,44,5,63
2691,3,10,5,958,135,92,152,100,149,6,65
2692,3,10,6,959,28,121,95,38,51,1,61
2693,3,10,6,959,65,97,104,98,71,2,59
2694,3,10,6,959,103,7,66,132,73,3,61
2695,3,10,6,959,82,153,152,142,113,4,61
2696,3,10,6,959,91,67,18,6,129,5,63
2697,3,10,6,959,136,44,105,100,46,6,65
2698,3,15,7,930,46,112,136,72,131,1,31
2699,3,15,7,930,46,112,136,72,131,2,31
2700,3,15,7,930,47,112,136,72,131,3,31
